tracking_number,shipment_method,tracking_status,estimated_delivery_date,estimated_delivery_time,actual_delivery_date,actual_delivery_time,delivery_instructions,trans_id
581-6200,express,Delivered,23/06/2023,11:20:33,24/06/2023,12:45:44,ring bell,AAA-067232
004-1482,next day,Delivered,21/11/2023,14:41:18,22/11/2023,08:18:48,delivery box,AAC-152328
064-9023,express,In process,06/03/2024,07:27:46,NA,NA,ring bell,AAD-850184
657-4120,standard,Delivered,01/02/2024,15:10:18,01/02/2024,07:43:05,leave infront of door,AAR-680860
983-4613,next day,Delivered,11/08/2023,16:02:04,12/08/2023,11:01:41,ring bell,AAT-296188
208-3490,express,Delivered,27/08/2023,10:20:17,28/08/2023,07:25:23,ring bell,AAV-811597
172-2052,standard,Delivered,15/09/2023,16:22:00,17/09/2023,09:13:08,ring bell,ACB-036791
113-3978,next day,Delivered,03/10/2023,13:44:45,04/10/2023,07:58:47,delivery box,ADY-359478
172-9056,standard,Delivered,06/06/2023,13:40:07,07/06/2023,14:39:08,ring bell,AEA-169713
897-2385,standard,Delivered,02/11/2023,10:07:38,02/11/2023,09:09:47,leave infront of door,AEI-273727
719-5004,standard,Delivered,31/12/2023,12:37:51,30/12/2023,09:13:33,delivery box,AFM-985663
587-5127,express,Delivered,19/09/2023,08:01:34,18/09/2023,07:25:38,leave infront of door,AFN-245489
019-0043,next day,Delivered,17/08/2023,13:54:02,18/08/2023,07:34:50,delivery box,AFS-413553
780-5473,next day,Delivered,01/09/2023,10:51:32,01/09/2023,13:34:39,ring bell,AGB-842871
830-2529,express,Delivered,21/07/2023,15:24:55,20/07/2023,09:45:07,delivery box,AGQ-729452
493-1085,next day,Delivered,15/12/2023,10:52:50,15/12/2023,07:31:00,leave infront of door,AGR-178688
981-5970,express,Delivered,25/07/2023,07:29:24,26/07/2023,11:41:24,leave infront of door,AGW-689163
321-9847,next day,Delivered,04/09/2023,09:08:15,05/09/2023,15:17:55,ring bell,AHF-862697
269-0200,next day,Delivered,21/07/2023,11:52:48,21/07/2023,11:58:16,leave infront of door,AHK-769090
650-9530,express,Delivered,16/09/2023,07:45:16,16/09/2023,16:12:49,delivery box,AIL-403072
974-2849,standard,Delivered,12/10/2023,08:47:43,13/10/2023,12:07:20,delivery box,AIV-790804
817-6468,next day,Delivered,16/11/2023,15:19:57,16/11/2023,13:46:56,ring bell,AKF-133977
500-7996,next day,Delivered,22/06/2023,11:24:30,23/06/2023,09:40:29,leave infront of door,ALB-712427
490-6323,express,Delivered,24/12/2023,11:34:52,25/12/2023,07:40:31,delivery box,AMD-684067
249-1390,express,Delivered,25/09/2023,16:36:39,26/09/2023,13:54:49,leave infront of door,APX-395541
135-0278,express,Delivered,20/08/2023,15:42:37,21/08/2023,14:22:49,leave infront of door,ATK-560503
737-1492,next day,Delivered,01/12/2023,09:27:19,01/12/2023,11:06:10,delivery box,AUP-748808
189-4916,standard,Delivered,06/02/2024,07:45:48,06/02/2024,12:05:03,leave infront of door,AVW-602635
730-9927,next day,Delivered,26/08/2023,13:42:44,26/08/2023,11:56:19,delivery box,AWE-871063
666-9412,express,Delivered,11/09/2023,10:51:07,11/09/2023,08:46:00,ring bell,AWG-744719
317-2623,next day,Delivered,02/11/2023,08:32:49,03/11/2023,07:16:06,delivery box,AWK-892198
687-4406,next day,Delivered,02/08/2023,08:46:06,03/08/2023,16:27:44,ring bell,AYQ-848230
225-6889,next day,Delivered,31/08/2023,07:26:56,31/08/2023,09:14:59,leave infront of door,AZK-912102
690-6456,express,Delivered,21/12/2023,12:03:32,22/12/2023,14:24:56,delivery box,AZZ-957686
614-9042,standard,Delivered,09/06/2023,09:14:28,09/06/2023,09:50:18,leave infront of door,BAE-592296
980-6544,express,Delivered,21/02/2024,08:12:39,20/02/2024,10:52:43,ring bell,BCQ-361128
990-0217,express,Dispatch,17/03/2024,07:36:44,NA,NA,delivery box,BFG-852298
914-6984,express,Delivered,05/07/2023,12:49:15,05/07/2023,08:01:29,delivery box,BFO-083439
056-2374,express,Delivered,22/01/2024,08:34:48,21/01/2024,07:47:46,ring bell,BFU-700232
425-0566,express,Delivered,01/10/2023,13:16:20,02/10/2023,12:02:31,delivery box,BGX-889149
809-2652,express,Delivered,11/12/2023,14:21:17,10/12/2023,12:51:36,leave infront of door,BHC-757873
526-6218,standard,Delivered,17/08/2023,14:55:45,18/08/2023,16:01:32,delivery box,BHI-730137
288-4276,next day,Delivered,14/06/2023,16:55:16,15/06/2023,10:57:30,delivery box,BHS-479486
084-8071,express,Delivered,21/07/2023,09:25:02,21/07/2023,11:34:12,delivery box,BMH-758804
300-0288,express,Delivered,04/10/2023,16:59:26,05/10/2023,10:33:30,ring bell,BMR-466277
647-5776,express,Out For Delivery,21/03/2024,16:00:37,NA,NA,leave infront of door,BNB-931640
337-7512,next day,Dispatch,16/03/2024,07:46:08,NA,NA,delivery box,BNO-535441
172-5325,standard,Delivered,07/01/2024,09:20:00,09/01/2024,09:23:13,ring bell,BNO-913345
049-7350,standard,Delivered,05/10/2023,10:58:09,06/10/2023,11:29:09,ring bell,BOC-429866
563-0809,express,Delivered,04/10/2023,14:31:55,04/10/2023,07:23:45,delivery box,BRJ-095063
071-3189,next day,Delivered,18/10/2023,11:49:43,18/10/2023,09:07:50,delivery box,BSM-920211
912-0351,express,Delivered,26/01/2024,11:54:36,25/01/2024,14:11:46,delivery box,BTY-178739
778-3217,next day,Delivered,22/02/2024,15:51:32,22/02/2024,07:33:33,leave infront of door,BUJ-908319
476-0913,standard,Delivered,29/12/2023,12:21:57,28/12/2023,10:26:34,delivery box,BVO-196114
180-6166,next day,Delivered,19/03/2024,09:48:50,20/03/2024,15:09:29,delivery box,BWG-666487
201-8509,standard,Delivered,03/07/2023,11:13:06,04/07/2023,13:04:28,delivery box,BWI-473777
415-8316,express,Delivered,05/01/2024,16:41:31,04/01/2024,15:34:28,delivery box,BWJ-890438
257-5947,next day,Delivered,19/09/2023,15:03:14,20/09/2023,13:46:12,leave infront of door,BWQ-405015
870-6232,standard,Delivered,09/10/2023,12:56:55,11/10/2023,16:32:30,leave infront of door,BXD-739047
533-6275,standard,Delivered,26/01/2024,09:20:10,28/01/2024,16:12:23,leave infront of door,BXQ-248482
998-7355,standard,Delivered,06/07/2023,07:26:53,05/07/2023,13:49:29,ring bell,BYK-044891
002-4909,next day,Delivered,13/10/2023,16:51:12,13/10/2023,09:41:19,ring bell,BYL-883581
361-4462,standard,Delivered,11/01/2024,08:18:11,12/01/2024,10:38:25,delivery box,BYN-067360
703-6844,express,In process,25/03/2024,13:53:22,NA,NA,leave infront of door,CBH-104289
937-3160,express,Delivered,10/08/2023,08:58:45,09/08/2023,11:49:12,ring bell,CCV-957017
402-0686,express,Delivered,29/08/2023,14:38:11,30/08/2023,14:45:10,delivery box,CDG-552933
269-9057,standard,Delivered,26/09/2023,10:22:31,28/09/2023,07:27:46,leave infront of door,CDR-762500
215-7031,express,Delivered,16/10/2023,15:43:16,16/10/2023,10:18:15,leave infront of door,CEL-404470
348-1340,standard,Delivered,10/01/2024,08:27:49,10/01/2024,12:18:23,leave infront of door,CGA-460235
409-3993,next day,Delivered,12/08/2023,11:52:56,13/08/2023,13:33:28,delivery box,CGQ-329948
918-0426,express,Delivered,14/08/2023,15:16:17,15/08/2023,14:35:24,ring bell,CHJ-683430
037-5562,express,Delivered,12/07/2023,11:37:08,12/07/2023,11:21:45,leave infront of door,CHP-171033
713-2252,express,Delivered,17/12/2023,10:21:18,16/12/2023,12:24:48,ring bell,CID-253726
523-2931,next day,Delivered,28/03/2024,16:24:01,29/03/2024,13:47:49,ring bell,CIK-930651
431-5578,express,Delivered,09/01/2024,15:14:39,08/01/2024,15:32:48,ring bell,CJK-014124
677-3857,standard,Delivered,23/10/2023,09:30:23,23/10/2023,14:46:57,delivery box,CJR-275106
146-4322,express,Delivered,20/01/2024,11:21:28,21/01/2024,14:51:03,ring bell,CKM-548290
478-6325,express,Delivered,15/12/2023,13:46:03,16/12/2023,10:07:10,delivery box,CKS-651597
893-9794,standard,Delivered,29/09/2023,14:02:16,28/09/2023,14:02:16,ring bell,CLG-348239
494-1960,standard,Delivered,07/10/2023,14:12:00,09/10/2023,13:06:14,delivery box,CMM-649694
248-2284,express,Out For Delivery,27/03/2024,14:26:23,NA,NA,delivery box,CMN-526236
337-7498,express,Delivered,25/11/2023,16:36:29,25/11/2023,08:15:13,delivery box,CNC-609407
438-1081,next day,Delivered,22/10/2023,15:53:43,22/10/2023,11:46:53,ring bell,CNL-951331
484-4811,express,Delivered,27/09/2023,13:35:16,26/09/2023,10:59:49,delivery box,CNR-319085
399-4142,express,Delivered,23/07/2023,09:48:33,23/07/2023,16:29:48,ring bell,COL-747369
939-6695,next day,Delivered,16/01/2024,11:40:45,17/01/2024,11:35:31,ring bell,CPC-861391
467-7806,standard,Delivered,26/07/2023,08:50:20,25/07/2023,07:54:23,delivery box,CPV-780679
411-3581,next day,Delivered,01/07/2023,11:00:50,02/07/2023,07:41:08,delivery box,CQN-646265
380-9999,next day,Delivered,06/12/2023,13:11:42,07/12/2023,16:07:11,delivery box,CRK-568720
511-8371,express,Delivered,21/10/2023,16:34:26,22/10/2023,07:58:43,leave infront of door,CRX-311676
547-9516,express,Delivered,26/09/2023,11:56:41,27/09/2023,09:25:22,leave infront of door,CSJ-414604
732-9855,express,Delivered,25/09/2023,13:37:29,26/09/2023,12:54:03,ring bell,CSJ-896448
535-5866,standard,Delivered,28/10/2023,07:22:59,28/10/2023,07:27:26,delivery box,CUK-830807
653-6323,next day,Delivered,04/01/2024,11:30:51,04/01/2024,13:20:05,leave infront of door,CVV-322631
289-8856,express,Delivered,20/02/2024,08:33:01,19/02/2024,15:08:22,ring bell,CWU-632695
626-2864,next day,Delivered,20/12/2023,10:19:29,21/12/2023,08:37:53,leave infront of door,CXD-732452
931-9472,standard,Delivered,20/02/2024,10:28:38,22/02/2024,13:47:33,delivery box,CYE-933182
269-7911,next day,Delivered,17/06/2023,08:21:28,18/06/2023,09:01:05,delivery box,CYG-484504
123-2676,express,Delivered,02/09/2023,15:19:10,03/09/2023,12:21:14,ring bell,CYZ-089646
484-4536,standard,Out For Delivery,04/04/2024,12:13:13,NA,NA,leave infront of door,CZX-053216
409-5757,express,Delivered,21/10/2023,14:04:43,22/10/2023,10:27:23,ring bell,DAA-057358
622-6855,express,Dispatch,18/03/2024,12:54:05,NA,NA,leave infront of door,DBL-565303
673-0593,standard,Delivered,15/12/2023,13:37:05,17/12/2023,08:59:36,delivery box,DBM-921837
104-1609,next day,Delivered,07/07/2023,11:13:19,08/07/2023,13:26:48,ring bell,DBQ-583786
063-4908,express,Delivered,03/03/2024,08:15:28,02/03/2024,16:53:30,leave infront of door,DBV-344517
020-9431,express,Delivered,21/01/2024,12:45:07,20/01/2024,08:16:15,leave infront of door,DCW-290900
685-1682,standard,Delivered,04/11/2023,13:02:16,03/11/2023,12:36:57,delivery box,DDE-026945
879-1284,standard,Delivered,25/09/2023,16:15:50,24/09/2023,10:08:38,delivery box,DET-016141
545-5529,next day,Delivered,22/01/2024,10:25:44,23/01/2024,15:06:05,ring bell,DFH-826699
996-4693,express,Delivered,20/01/2024,15:54:03,20/01/2024,12:52:41,ring bell,DFI-265197
762-0563,next day,Delivered,20/12/2023,09:25:59,20/12/2023,09:03:21,ring bell,DGA-006905
343-6439,express,Delivered,28/09/2023,12:06:43,28/09/2023,14:59:02,ring bell,DGH-273685
413-5624,next day,Delivered,30/08/2023,10:00:41,30/08/2023,13:48:05,leave infront of door,DGL-052771
453-3452,standard,Out For Delivery,22/03/2024,09:21:58,NA,NA,delivery box,DIP-742540
087-4882,express,Delivered,27/01/2024,16:59:27,28/01/2024,14:00:45,ring bell,DIQ-716665
214-3773,next day,Out For Delivery,16/03/2024,09:44:46,NA,NA,delivery box,DIS-603996
556-3124,next day,In process,14/03/2024,16:00:55,NA,NA,delivery box,DJP-940258
827-1826,express,Delivered,17/08/2023,16:26:09,16/08/2023,12:38:00,delivery box,DKN-024499
213-1393,next day,Delivered,11/12/2023,11:10:38,12/12/2023,14:28:18,delivery box,DKU-027731
980-9087,express,Delivered,10/09/2023,09:56:57,10/09/2023,12:39:22,ring bell,DLJ-237256
250-0328,express,Delivered,02/03/2024,15:03:12,02/03/2024,11:01:47,delivery box,DME-621085
033-0030,standard,Delivered,02/09/2023,13:33:50,03/09/2023,13:24:10,leave infront of door,DMF-158904
399-5860,express,In process,02/04/2024,10:04:34,NA,NA,leave infront of door,DNZ-985662
228-3742,express,Dispatch,04/03/2024,09:14:08,NA,NA,delivery box,DOD-041644
543-7121,standard,Delivered,05/02/2024,10:14:26,04/02/2024,08:09:33,leave infront of door,DOD-895933
540-2154,next day,Delivered,20/12/2023,16:18:45,21/12/2023,13:54:13,leave infront of door,DOI-439260
024-4295,standard,Delivered,08/03/2024,07:48:54,08/03/2024,09:10:55,ring bell,DQN-479780
615-7347,express,Delivered,17/11/2023,08:02:26,17/11/2023,07:49:45,delivery box,DRG-933879
047-6987,next day,Delivered,11/07/2023,14:07:30,12/07/2023,09:57:52,leave infront of door,DSG-724870
677-8729,standard,Delivered,20/07/2023,09:55:35,20/07/2023,14:58:14,ring bell,DTI-123880
441-4417,next day,Delivered,22/01/2024,07:53:17,22/01/2024,12:41:06,ring bell,DTI-305230
492-0938,next day,Delivered,19/10/2023,14:50:35,19/10/2023,08:12:29,leave infront of door,DUE-063775
720-0619,standard,Delivered,15/02/2024,08:20:11,16/02/2024,16:11:22,delivery box,DUF-738458
107-7116,express,Delivered,05/10/2023,16:16:47,06/10/2023,13:02:00,delivery box,DUV-153258
025-3448,standard,Delivered,20/07/2023,16:08:31,22/07/2023,13:20:32,leave infront of door,DUZ-541760
910-0435,next day,Delivered,28/08/2023,16:06:26,28/08/2023,12:14:01,delivery box,DVP-234182
321-1948,express,Delivered,25/11/2023,07:58:30,26/11/2023,10:11:30,delivery box,DWI-435992
897-4466,express,Delivered,12/10/2023,10:27:39,13/10/2023,14:51:55,leave infront of door,DXV-241713
864-5180,next day,Delivered,05/10/2023,14:59:08,06/10/2023,14:58:53,delivery box,DYA-799205
875-1246,standard,Delivered,02/11/2023,08:10:18,01/11/2023,12:16:00,delivery box,DZI-753816
310-6779,express,Delivered,05/01/2024,09:53:58,04/01/2024,14:44:54,leave infront of door,DZN-164981
384-0801,next day,In process,29/03/2024,16:09:56,NA,NA,delivery box,DZX-685355
320-6780,next day,Delivered,29/07/2023,14:22:21,30/07/2023,15:08:08,delivery box,EAR-571864
375-2903,next day,Delivered,09/11/2023,07:29:12,10/11/2023,08:44:41,leave infront of door,EAS-774344
934-1473,standard,Out For Delivery,22/03/2024,08:36:08,NA,NA,delivery box,EBI-484777
885-4484,next day,Delivered,01/02/2024,16:29:40,02/02/2024,11:57:31,leave infront of door,EBM-684798
425-1949,next day,Delivered,10/10/2023,11:28:39,11/10/2023,13:10:23,ring bell,EBR-928685
622-1907,express,Delivered,20/12/2023,13:40:06,20/12/2023,07:54:02,delivery box,ECI-629770
695-7799,next day,Delivered,25/11/2023,07:38:28,25/11/2023,16:43:17,delivery box,EEZ-729587
782-2815,next day,Delivered,02/08/2023,13:57:18,02/08/2023,08:10:29,delivery box,EFR-431233
658-8691,standard,Delivered,02/11/2023,13:00:55,03/11/2023,10:20:01,leave infront of door,EFR-653208
706-1911,express,Delivered,18/01/2024,12:10:49,19/01/2024,12:31:49,delivery box,EGX-032913
470-7248,standard,Delivered,15/11/2023,11:55:29,16/11/2023,13:09:06,ring bell,EHD-784624
908-3440,next day,Delivered,15/06/2023,13:29:50,16/06/2023,08:54:42,delivery box,EJX-114978
273-5946,next day,Delivered,02/01/2024,09:46:50,02/01/2024,13:30:22,delivery box,EKY-046554
940-0362,standard,Delivered,24/11/2023,12:08:01,25/11/2023,09:57:25,leave infront of door,ELJ-949146
126-6995,express,Delivered,11/06/2023,08:51:39,10/06/2023,13:01:36,leave infront of door,ELU-674530
353-8535,standard,Delivered,28/11/2023,13:09:13,27/11/2023,14:31:32,delivery box,ELY-936631
642-4830,next day,In process,31/03/2024,15:08:12,NA,NA,delivery box,EMA-718948
579-2501,next day,Delivered,17/07/2023,09:45:31,18/07/2023,11:05:21,leave infront of door,EMQ-466491
196-3050,express,Delivered,24/08/2023,11:29:02,24/08/2023,15:06:05,ring bell,ENN-789710
234-2955,next day,Delivered,27/06/2023,11:20:57,27/06/2023,12:23:16,delivery box,ENY-745109
011-5315,express,Delivered,23/09/2023,11:06:46,23/09/2023,15:10:37,ring bell,EOJ-993108
919-3941,standard,Delivered,04/09/2023,11:55:43,04/09/2023,16:15:18,leave infront of door,EOL-739414
386-0660,next day,Delivered,03/02/2024,09:53:57,03/02/2024,10:25:47,leave infront of door,EOO-215153
441-0822,next day,Delivered,25/07/2023,14:17:28,26/07/2023,16:10:29,delivery box,EPM-175290
579-4683,next day,Delivered,11/06/2023,10:46:30,12/06/2023,08:26:00,delivery box,EPZ-173549
550-6983,standard,Delivered,22/11/2023,13:35:38,22/11/2023,10:34:12,ring bell,ERG-845937
091-9152,express,Delivered,20/07/2023,14:12:19,19/07/2023,09:25:39,ring bell,ESH-496811
680-4673,next day,Delivered,13/06/2023,07:41:29,13/06/2023,14:21:00,ring bell,ETN-161207
342-7529,next day,Delivered,04/02/2024,09:45:45,05/02/2024,15:09:11,delivery box,ETW-811017
610-9028,next day,Delivered,24/01/2024,08:15:07,24/01/2024,15:59:24,ring bell,ETY-595383
638-2804,standard,Delivered,10/06/2023,13:09:17,12/06/2023,09:32:56,delivery box,EUC-513176
095-8097,next day,Delivered,17/01/2024,07:51:00,18/01/2024,07:05:31,leave infront of door,EUE-109230
951-3939,express,In process,27/03/2024,09:38:09,NA,NA,leave infront of door,EUI-318248
432-8807,express,In process,11/03/2024,11:11:44,NA,NA,delivery box,EUP-790861
106-1673,next day,Delivered,11/06/2023,11:30:02,11/06/2023,15:29:33,leave infront of door,EWC-484179
494-2036,next day,Delivered,19/09/2023,09:44:06,20/09/2023,15:58:09,ring bell,EWS-691040
433-9347,next day,Delivered,20/01/2024,16:56:55,21/01/2024,13:12:33,delivery box,EXB-769303
148-8497,standard,Delivered,05/02/2024,08:49:33,04/02/2024,13:42:12,ring bell,EXJ-550371
990-0097,next day,Delivered,10/11/2023,16:05:07,11/11/2023,16:32:16,ring bell,EYM-337922
782-5716,next day,Delivered,06/07/2023,08:09:19,06/07/2023,10:04:01,delivery box,EYM-781939
348-7205,standard,Delivered,12/10/2023,08:58:36,13/10/2023,13:21:18,delivery box,EYO-551995
003-9415,next day,Delivered,29/07/2023,09:06:11,30/07/2023,16:00:57,leave infront of door,EYP-234632
105-8809,express,Delivered,22/06/2023,09:15:17,21/06/2023,13:04:02,leave infront of door,EYU-271246
772-6230,next day,Delivered,24/08/2023,12:26:03,25/08/2023,07:19:58,ring bell,EZB-570773
713-4005,standard,Delivered,17/08/2023,14:28:02,19/08/2023,11:39:28,leave infront of door,EZE-384433
552-2167,express,Delivered,02/12/2023,09:17:55,03/12/2023,07:24:06,leave infront of door,EZG-923570
150-4825,express,Delivered,02/12/2023,08:18:04,02/12/2023,10:26:16,leave infront of door,FBO-637431
413-2794,standard,Delivered,06/10/2023,11:57:19,06/10/2023,11:02:30,ring bell,FCU-938968
354-8547,express,Delivered,09/10/2023,08:39:38,08/10/2023,07:10:05,leave infront of door,FDP-672192
670-7327,next day,Delivered,25/02/2024,12:16:28,26/02/2024,13:08:35,delivery box,FEU-455549
337-8434,next day,In process,22/03/2024,15:08:37,NA,NA,delivery box,FFH-648128
122-9995,standard,Delivered,13/08/2023,14:49:14,13/08/2023,16:02:02,delivery box,FFR-057653
837-9002,standard,Delivered,14/02/2024,07:00:31,13/02/2024,12:49:08,delivery box,FHS-611018
686-0328,next day,Delivered,05/12/2023,08:19:52,05/12/2023,16:26:25,ring bell,FIT-807093
552-2229,standard,Delivered,29/09/2023,08:19:49,01/10/2023,12:48:25,ring bell,FJN-320073
391-9097,standard,Delivered,24/08/2023,16:48:58,24/08/2023,11:13:29,delivery box,FJP-456482
835-6287,standard,Delivered,31/10/2023,09:33:44,01/11/2023,10:01:03,ring bell,FKC-624357
504-4485,next day,Delivered,10/08/2023,12:30:47,10/08/2023,11:36:25,ring bell,FKP-479346
690-2066,express,Delivered,27/09/2023,08:19:09,27/09/2023,14:24:35,ring bell,FLC-682191
389-3527,standard,Delivered,10/06/2023,10:32:06,12/06/2023,10:35:39,ring bell,FLJ-233905
230-6296,express,Delivered,27/07/2023,11:59:52,27/07/2023,10:41:18,ring bell,FMW-563149
740-5492,next day,Delivered,27/06/2023,09:16:25,27/06/2023,10:01:00,delivery box,FNL-616331
093-8513,next day,Delivered,22/09/2023,12:53:41,23/09/2023,15:52:40,ring bell,FNW-232589
206-1672,standard,Delivered,27/10/2023,07:49:16,29/10/2023,14:14:52,ring bell,FOY-022353
525-3920,standard,Delivered,07/09/2023,12:57:20,07/09/2023,14:32:46,ring bell,FPI-288137
357-6469,standard,Delivered,12/07/2023,16:50:44,12/07/2023,09:10:32,leave infront of door,FPK-371530
089-6361,express,Delivered,03/10/2023,08:16:04,03/10/2023,08:16:15,delivery box,FQM-392032
501-5163,standard,Delivered,16/11/2023,11:06:21,18/11/2023,11:46:09,ring bell,FQP-531238
884-2258,next day,Out For Delivery,21/03/2024,12:11:09,NA,NA,ring bell,FRP-417973
824-3386,next day,Delivered,01/10/2023,14:25:54,02/10/2023,09:26:37,ring bell,FRW-162866
771-3143,next day,Delivered,27/12/2023,10:36:14,27/12/2023,08:46:44,leave infront of door,FSS-905992
943-4452,express,Delivered,08/09/2023,15:57:27,07/09/2023,12:25:58,delivery box,FTG-150523
382-3098,next day,Delivered,26/02/2024,13:10:12,27/02/2024,16:00:46,delivery box,FUB-280275
900-9194,standard,Delivered,13/02/2024,14:25:33,15/02/2024,13:17:04,leave infront of door,FUL-655577
132-6049,next day,Delivered,01/09/2023,15:35:13,01/09/2023,13:08:39,leave infront of door,FUN-625583
411-8358,standard,Delivered,03/09/2023,15:11:30,03/09/2023,12:18:35,leave infront of door,FUZ-631716
087-8679,standard,Delivered,09/09/2023,13:27:22,08/09/2023,14:30:45,leave infront of door,FVB-481743
593-2149,next day,Delivered,05/10/2023,16:09:55,06/10/2023,11:06:40,delivery box,FVM-526944
060-4681,standard,Delivered,23/09/2023,09:36:56,25/09/2023,09:39:13,leave infront of door,FWV-816723
670-9709,standard,Out For Delivery,29/03/2024,09:48:54,NA,NA,leave infront of door,FXN-338148
820-5093,next day,Delivered,05/08/2023,09:32:23,06/08/2023,09:22:02,leave infront of door,FYA-644227
902-6803,standard,Delivered,16/09/2023,14:55:19,17/09/2023,09:20:14,delivery box,FYC-588210
203-4808,standard,Delivered,24/07/2023,16:19:54,24/07/2023,16:47:40,leave infront of door,FZP-345290
502-0188,next day,Delivered,13/06/2023,13:33:39,13/06/2023,12:11:07,leave infront of door,GAH-022856
556-5679,standard,Delivered,22/06/2023,16:12:49,22/06/2023,09:41:39,leave infront of door,GAX-212862
879-6263,next day,Delivered,06/09/2023,15:02:16,06/09/2023,07:50:14,delivery box,GBQ-540026
195-0697,express,Delivered,12/09/2023,08:17:55,13/09/2023,10:02:01,delivery box,GBV-501550
901-4291,next day,Delivered,18/06/2023,09:01:18,18/06/2023,11:16:22,leave infront of door,GCI-818964
657-2062,next day,Delivered,30/12/2023,13:30:10,30/12/2023,15:41:59,leave infront of door,GCV-694299
925-5522,express,Delivered,20/03/2024,08:53:47,20/03/2024,07:06:06,leave infront of door,GDA-393038
924-3960,next day,Delivered,16/02/2024,07:58:20,17/02/2024,13:55:21,ring bell,GEK-330924
907-2185,next day,Delivered,03/08/2023,13:24:04,04/08/2023,08:57:40,delivery box,GEP-276863
863-2256,next day,Delivered,11/11/2023,10:43:39,12/11/2023,12:30:18,delivery box,GEX-671044
924-6765,standard,Delivered,02/08/2023,08:09:36,01/08/2023,16:13:28,leave infront of door,GFZ-199524
889-4164,next day,Delivered,31/03/2024,07:27:33,31/03/2024,13:24:12,delivery box,GGF-120749
943-0164,standard,Delivered,18/02/2024,11:32:40,20/02/2024,07:42:29,delivery box,GHC-713618
984-7082,express,Delivered,31/03/2024,15:32:23,31/03/2024,07:24:03,ring bell,GHD-688997
529-0236,standard,Delivered,17/02/2024,10:44:44,16/02/2024,09:50:21,ring bell,GHE-490824
763-0542,standard,Delivered,31/01/2024,09:38:53,31/01/2024,07:47:43,delivery box,GHM-051887
421-0078,standard,Delivered,26/12/2023,10:32:29,28/12/2023,07:23:01,ring bell,GIO-999528
616-6139,standard,Out For Delivery,27/03/2024,13:47:17,NA,NA,leave infront of door,GIS-911136
395-4232,standard,Delivered,20/12/2023,15:30:48,22/12/2023,11:09:31,ring bell,GIW-945491
454-2329,standard,Delivered,13/10/2023,10:23:19,12/10/2023,10:00:54,delivery box,GIX-024715
627-7235,express,Delivered,02/04/2024,09:04:11,03/04/2024,07:09:16,leave infront of door,GKV-379980
659-0725,next day,Delivered,31/12/2023,13:45:04,01/01/2024,11:37:40,delivery box,GLB-937626
507-3093,standard,Delivered,05/07/2023,12:52:35,06/07/2023,09:26:51,ring bell,GNJ-254230
568-0049,standard,Delivered,09/02/2024,07:13:43,09/02/2024,07:21:38,leave infront of door,GNT-729252
816-3587,express,Delivered,30/10/2023,09:18:13,30/10/2023,07:25:00,ring bell,GNU-046202
109-9269,next day,Delivered,27/08/2023,12:12:16,28/08/2023,07:01:44,delivery box,GOO-936304
790-6903,standard,Delivered,02/04/2024,07:02:15,02/04/2024,16:14:51,ring bell,GPA-852763
181-5148,standard,Delivered,19/02/2024,07:44:15,21/02/2024,09:16:23,ring bell,GTV-550976
840-0332,express,Delivered,29/09/2023,12:22:27,30/09/2023,14:57:48,leave infront of door,GTV-774635
960-4692,express,Delivered,13/09/2023,07:06:16,13/09/2023,10:25:17,leave infront of door,GVT-030012
829-8485,next day,Delivered,06/11/2023,09:07:53,07/11/2023,14:06:03,leave infront of door,GWC-653161
678-3018,next day,Delivered,12/06/2023,10:14:35,13/06/2023,15:35:05,ring bell,GXN-380645
537-3390,next day,Dispatch,04/03/2024,13:13:13,NA,NA,ring bell,GXO-916940
949-9435,express,Delivered,10/07/2023,15:23:49,10/07/2023,14:24:01,leave infront of door,GZB-482209
845-5109,standard,Delivered,17/08/2023,07:01:18,16/08/2023,14:15:34,leave infront of door,GZJ-045873
919-1477,express,Delivered,05/01/2024,08:04:35,04/01/2024,14:54:43,delivery box,GZQ-768520
639-8793,next day,Delivered,10/06/2023,10:32:25,10/06/2023,14:22:20,ring bell,HAD-407019
495-5636,next day,Delivered,21/06/2023,14:09:06,22/06/2023,15:59:44,delivery box,HAY-997093
927-1119,standard,Delivered,07/01/2024,09:57:06,08/01/2024,15:10:27,delivery box,HAZ-413755
655-0918,next day,Delivered,01/07/2023,07:30:54,01/07/2023,14:41:40,leave infront of door,HBL-939815
822-1594,standard,Delivered,16/08/2023,09:40:59,18/08/2023,15:07:37,delivery box,HBS-767043
887-3083,next day,Delivered,24/09/2023,09:15:36,25/09/2023,11:14:24,leave infront of door,HCL-509110
254-8318,express,Delivered,24/11/2023,15:58:04,24/11/2023,12:10:58,delivery box,HDK-531398
294-4999,standard,Delivered,17/08/2023,08:28:16,18/08/2023,09:36:50,delivery box,HEJ-954553
489-3029,express,Delivered,16/02/2024,10:29:13,16/02/2024,13:54:15,delivery box,HFK-635933
564-3621,express,Delivered,24/09/2023,16:10:42,23/09/2023,12:46:24,leave infront of door,HGD-993597
151-6142,express,Delivered,17/11/2023,10:58:38,16/11/2023,10:24:43,ring bell,HHB-758631
224-0260,express,Delivered,09/08/2023,14:53:59,08/08/2023,11:24:39,delivery box,HHH-962353
987-1160,standard,Delivered,05/01/2024,10:08:02,05/01/2024,08:47:49,delivery box,HHS-758795
837-6603,express,Delivered,21/11/2023,15:27:46,21/11/2023,13:22:17,delivery box,HJM-232600
905-4962,standard,Delivered,11/09/2023,13:42:41,12/09/2023,11:31:59,delivery box,HKH-714224
459-9612,standard,Delivered,24/11/2023,12:16:42,25/11/2023,12:07:26,leave infront of door,HKR-159995
240-9574,express,Delivered,23/06/2023,10:13:22,24/06/2023,11:08:37,leave infront of door,HLD-864960
426-2100,standard,Delivered,29/09/2023,11:19:28,01/10/2023,10:22:54,delivery box,HLG-207968
730-2147,next day,Delivered,01/09/2023,15:55:00,01/09/2023,07:16:59,ring bell,HLY-890046
847-5922,next day,Delivered,01/02/2024,13:59:52,01/02/2024,10:44:29,delivery box,HML-729984
123-7153,next day,Delivered,07/07/2023,10:33:37,08/07/2023,07:18:29,delivery box,HNV-621950
600-5049,express,Delivered,05/02/2024,08:20:41,06/02/2024,14:38:09,ring bell,HNX-226086
894-7180,next day,Delivered,23/10/2023,08:07:46,23/10/2023,14:53:34,leave infront of door,HPA-971297
143-1853,next day,Delivered,04/11/2023,13:36:53,04/11/2023,12:20:37,ring bell,HPB-371939
764-0431,standard,Delivered,25/07/2023,15:06:58,27/07/2023,07:20:39,ring bell,HQI-967916
643-6484,standard,Delivered,27/10/2023,12:40:33,27/10/2023,16:29:18,delivery box,HSZ-329520
830-3435,express,Delivered,03/08/2023,08:48:58,03/08/2023,08:49:21,ring bell,HVB-561036
743-7634,next day,Delivered,17/10/2023,09:17:59,18/10/2023,14:50:17,ring bell,HVB-662099
894-0706,express,Delivered,08/06/2023,14:59:43,09/06/2023,08:18:36,ring bell,HVR-877945
062-4764,express,Delivered,08/07/2023,16:05:27,09/07/2023,10:00:25,ring bell,HWH-089638
949-5233,standard,Delivered,25/09/2023,11:32:51,27/09/2023,11:04:39,ring bell,HWK-604904
613-8781,standard,Delivered,28/01/2024,08:22:48,30/01/2024,12:43:20,leave infront of door,HWT-645916
876-6937,express,Delivered,18/02/2024,12:29:38,17/02/2024,08:33:08,leave infront of door,HXA-750684
895-0427,next day,Delivered,10/08/2023,08:18:17,10/08/2023,11:39:56,leave infront of door,HXB-279185
208-0452,standard,Delivered,14/01/2024,09:12:54,13/01/2024,07:11:38,leave infront of door,HXZ-183623
111-5910,express,Delivered,16/11/2023,11:17:56,16/11/2023,09:29:29,leave infront of door,HYF-272899
144-3048,next day,Delivered,25/12/2023,16:25:40,26/12/2023,14:05:38,ring bell,HZB-643940
670-8593,express,Delivered,26/10/2023,08:58:24,26/10/2023,11:54:50,leave infront of door,IAW-344713
403-1970,express,Delivered,29/09/2023,12:57:52,29/09/2023,12:04:34,delivery box,IBE-254585
711-6616,express,Delivered,01/07/2023,10:49:34,02/07/2023,08:15:16,delivery box,IBJ-936605
766-4614,express,Delivered,18/08/2023,10:15:45,18/08/2023,10:11:31,delivery box,IBR-903537
624-8826,express,Delivered,24/03/2024,16:02:09,25/03/2024,14:49:34,leave infront of door,IBT-744511
351-9149,next day,Delivered,02/06/2023,16:45:56,02/06/2023,14:14:16,delivery box,IDB-883858
581-8666,standard,Delivered,30/01/2024,08:15:45,30/01/2024,10:54:54,delivery box,IDH-293163
654-1497,standard,Delivered,08/01/2024,13:48:20,10/01/2024,08:43:32,ring bell,IDY-986078
657-6378,next day,Delivered,10/08/2023,12:35:04,11/08/2023,10:47:00,leave infront of door,IEA-611145
669-2511,next day,In process,04/03/2024,15:02:45,NA,NA,ring bell,IET-001892
965-2078,express,Delivered,03/10/2023,09:28:06,04/10/2023,14:27:05,delivery box,IGY-075795
705-6860,next day,Dispatch,17/03/2024,09:45:28,NA,NA,leave infront of door,IHD-646711
325-2091,standard,Delivered,17/07/2023,14:49:46,17/07/2023,14:14:19,leave infront of door,IHJ-839683
490-0143,next day,Delivered,15/01/2024,14:57:36,16/01/2024,13:42:14,leave infront of door,IHQ-442297
744-6450,express,Delivered,25/11/2023,08:55:21,26/11/2023,12:02:22,ring bell,III-459939
745-7301,next day,Delivered,23/10/2023,10:54:50,23/10/2023,12:23:04,delivery box,IIQ-504725
427-3046,next day,Delivered,25/12/2023,14:25:40,25/12/2023,11:06:50,ring bell,IIV-019979
266-8912,next day,Delivered,20/12/2023,12:00:09,20/12/2023,13:39:50,delivery box,IJE-041378
829-1786,next day,Delivered,14/12/2023,15:06:12,14/12/2023,07:56:11,leave infront of door,IKE-933828
590-2985,standard,Delivered,22/10/2023,15:12:47,23/10/2023,08:48:09,delivery box,ILV-164549
402-9020,express,Delivered,17/07/2023,14:45:33,18/07/2023,11:33:54,delivery box,IND-756220
786-5682,standard,Delivered,21/10/2023,11:54:02,20/10/2023,08:15:13,leave infront of door,IOG-803646
494-9525,standard,Delivered,22/08/2023,08:22:22,24/08/2023,10:55:46,delivery box,IQJ-060095
028-2616,standard,Delivered,29/01/2024,07:08:44,30/01/2024,14:11:28,leave infront of door,IRU-931921
514-5864,next day,Delivered,04/07/2023,12:50:37,05/07/2023,16:08:08,delivery box,IUX-588530
765-9860,standard,Delivered,18/01/2024,13:23:07,19/01/2024,09:09:01,delivery box,IUX-881504
682-3969,express,Delivered,21/02/2024,16:47:11,22/02/2024,09:09:26,delivery box,IVM-858422
399-4305,standard,Delivered,03/11/2023,08:13:03,02/11/2023,11:46:10,delivery box,IWD-207841
855-8049,express,Delivered,07/07/2023,07:20:06,07/07/2023,10:42:16,leave infront of door,IWV-900820
793-7330,express,Delivered,15/02/2024,09:10:52,14/02/2024,11:06:41,ring bell,IXI-735992
658-1217,express,Delivered,24/09/2023,10:20:40,23/09/2023,09:57:57,ring bell,IXX-310725
273-6930,express,Out For Delivery,07/03/2024,14:02:56,NA,NA,leave infront of door,IYY-569045
645-1116,standard,Dispatch,15/03/2024,12:59:58,NA,NA,ring bell,IZF-257974
300-3443,standard,Delivered,24/11/2023,14:00:52,26/11/2023,13:47:34,leave infront of door,JCB-303374
898-8404,express,Delivered,16/08/2023,13:45:54,17/08/2023,13:52:42,delivery box,JCH-246189
256-1122,express,Delivered,12/11/2023,12:45:48,13/11/2023,08:35:51,ring bell,JCN-539031
211-8493,standard,Delivered,17/06/2023,13:24:40,17/06/2023,16:59:38,ring bell,JDI-480665
595-6186,express,Delivered,28/10/2023,14:57:25,29/10/2023,09:05:36,leave infront of door,JFR-619201
450-1670,next day,Delivered,02/11/2023,13:21:08,02/11/2023,09:21:47,leave infront of door,JGT-499978
555-9184,standard,Delivered,24/10/2023,08:42:19,25/10/2023,15:46:32,ring bell,JHE-382199
259-5674,next day,In process,17/03/2024,11:04:28,NA,NA,ring bell,JHF-969302
022-0246,standard,Delivered,01/08/2023,10:50:29,03/08/2023,16:16:41,leave infront of door,JHL-774493
210-1097,express,Delivered,27/12/2023,13:35:25,28/12/2023,10:10:34,ring bell,JHN-190516
299-8186,standard,Delivered,04/08/2023,14:38:58,05/08/2023,09:43:40,ring bell,JLP-058657
684-4711,next day,Delivered,08/10/2023,07:59:42,08/10/2023,11:18:41,ring bell,JMD-206956
841-5435,next day,Delivered,03/07/2023,12:31:18,03/07/2023,15:20:25,leave infront of door,JNM-945783
985-2915,next day,Delivered,16/02/2024,12:36:11,17/02/2024,11:15:02,ring bell,JNU-552791
921-8399,next day,Delivered,12/03/2024,12:50:39,12/03/2024,09:03:31,ring bell,JNU-557006
341-7261,next day,Delivered,31/07/2023,07:40:44,31/07/2023,09:00:51,leave infront of door,JOG-271571
699-4702,next day,Delivered,29/10/2023,12:46:43,29/10/2023,14:34:18,leave infront of door,JOK-648983
746-6214,express,Delivered,07/09/2023,08:17:19,08/09/2023,08:47:51,delivery box,JOK-897094
048-0952,next day,Delivered,31/10/2023,14:52:26,31/10/2023,09:56:59,delivery box,JPN-555046
705-6835,express,In process,30/03/2024,15:43:05,NA,NA,delivery box,JQZ-702473
473-1047,express,Delivered,16/11/2023,15:07:03,17/11/2023,07:00:21,leave infront of door,JRQ-445356
574-2081,express,Delivered,05/08/2023,08:41:56,05/08/2023,12:44:42,leave infront of door,JRS-603389
335-9210,express,Delivered,14/10/2023,14:43:52,13/10/2023,13:35:30,leave infront of door,JSC-687816
855-2565,standard,Delivered,11/01/2024,08:52:50,13/01/2024,08:38:36,leave infront of door,JSD-953688
788-1922,express,Delivered,04/10/2023,16:01:36,04/10/2023,16:13:13,ring bell,JSO-117212
065-5836,next day,Dispatch,13/03/2024,14:21:02,NA,NA,leave infront of door,JUY-648409
929-9740,next day,Delivered,18/06/2023,15:36:58,19/06/2023,11:11:06,delivery box,JVU-340674
631-5553,express,Delivered,16/01/2024,15:44:51,17/01/2024,13:06:01,ring bell,JXD-094886
542-6561,standard,Delivered,23/07/2023,12:59:42,23/07/2023,12:21:43,leave infront of door,JXM-797335
487-9537,standard,Delivered,19/01/2024,11:08:56,21/01/2024,15:43:33,ring bell,JYI-838279
367-6846,next day,Delivered,06/12/2023,09:03:50,06/12/2023,12:58:38,ring bell,JZC-811960
812-5021,express,Delivered,21/06/2023,07:00:00,22/06/2023,11:33:54,ring bell,JZG-507228
061-8764,standard,In process,13/03/2024,09:44:50,NA,NA,leave infront of door,KAP-235343
506-8419,next day,Delivered,17/09/2023,16:15:15,18/09/2023,09:08:34,delivery box,KBV-417463
535-9855,next day,Delivered,30/01/2024,12:27:39,31/01/2024,11:46:19,leave infront of door,KCH-954982
339-5729,next day,Dispatch,30/03/2024,10:48:47,NA,NA,leave infront of door,KCL-038776
375-7973,standard,Delivered,12/12/2023,15:08:09,11/12/2023,09:41:16,delivery box,KCN-755840
364-6370,standard,Delivered,28/12/2023,07:58:19,28/12/2023,07:46:10,ring bell,KEJ-972435
703-2553,standard,Delivered,01/10/2023,12:31:18,02/10/2023,12:01:40,leave infront of door,KFD-356801
729-7671,standard,Delivered,20/08/2023,09:55:40,20/08/2023,15:27:16,leave infront of door,KFK-447224
294-1426,express,Delivered,05/09/2023,11:03:15,05/09/2023,08:31:02,ring bell,KFM-859113
912-5594,standard,Delivered,07/11/2023,09:35:11,07/11/2023,10:51:51,leave infront of door,KGG-803141
522-1476,standard,Delivered,26/09/2023,07:37:19,28/09/2023,14:56:15,delivery box,KGQ-566901
603-9412,standard,Delivered,07/07/2023,12:14:31,06/07/2023,14:02:04,ring bell,KHI-946784
589-4424,express,Delivered,14/12/2023,07:42:20,14/12/2023,07:02:45,leave infront of door,KIL-668038
396-5639,next day,Delivered,12/07/2023,14:49:46,13/07/2023,14:14:46,leave infront of door,KJA-407940
063-5912,standard,Delivered,27/12/2023,11:10:53,28/12/2023,12:02:44,delivery box,KJE-803678
458-9708,express,Delivered,05/01/2024,12:35:40,04/01/2024,12:09:01,ring bell,KJN-565158
629-2353,next day,Delivered,13/01/2024,08:49:51,13/01/2024,13:49:30,leave infront of door,KKN-618073
627-7018,express,Delivered,15/02/2024,09:05:00,15/02/2024,11:58:11,ring bell,KLJ-296303
604-0846,express,Delivered,18/07/2023,08:44:35,17/07/2023,10:24:17,leave infront of door,KMB-386303
476-0703,express,Delivered,14/08/2023,13:13:54,14/08/2023,10:09:06,leave infront of door,KMN-872294
368-2950,express,Delivered,15/01/2024,07:27:28,16/01/2024,15:54:43,ring bell,KNE-627838
463-5292,express,Delivered,10/07/2023,16:36:37,11/07/2023,10:09:54,leave infront of door,KNP-931409
775-7388,next day,Delivered,28/08/2023,07:38:54,28/08/2023,15:13:26,ring bell,KNW-589187
661-4541,express,Delivered,05/12/2023,13:47:23,06/12/2023,08:54:54,leave infront of door,KNY-105080
360-5813,next day,Delivered,05/11/2023,07:13:36,05/11/2023,13:48:50,leave infront of door,KOD-250927
467-9764,next day,Delivered,19/09/2023,07:39:35,20/09/2023,14:30:44,leave infront of door,KOK-267873
732-7612,next day,Delivered,27/12/2023,13:33:34,27/12/2023,14:05:26,leave infront of door,KOV-381497
444-0863,express,Delivered,19/11/2023,08:55:47,18/11/2023,16:07:40,delivery box,KPS-079700
059-9864,standard,Delivered,23/10/2023,07:18:57,25/10/2023,10:47:50,delivery box,KQA-758626
429-0997,next day,Delivered,12/02/2024,16:33:38,12/02/2024,13:32:47,ring bell,KQC-993685
098-6114,standard,Delivered,26/01/2024,08:07:20,25/01/2024,09:28:48,ring bell,KRL-142821
912-4668,next day,Delivered,12/11/2023,12:23:55,13/11/2023,15:45:30,delivery box,KSH-936166
134-9189,next day,Delivered,16/11/2023,16:20:35,17/11/2023,09:52:31,ring bell,KTQ-758467
627-5228,next day,Delivered,22/06/2023,09:19:28,23/06/2023,13:52:27,ring bell,KUC-815496
965-1872,next day,Delivered,22/11/2023,15:16:51,22/11/2023,08:06:20,delivery box,KUF-847112
500-7841,next day,Delivered,04/12/2023,13:16:35,05/12/2023,07:05:48,leave infront of door,KUK-791009
046-8818,standard,Delivered,20/10/2023,11:58:26,22/10/2023,13:17:54,delivery box,KUP-511899
587-8400,standard,Delivered,02/07/2023,14:49:11,03/07/2023,08:09:53,leave infront of door,KVR-403889
720-3655,next day,Delivered,15/08/2023,07:17:34,16/08/2023,15:28:53,ring bell,KWJ-817637
776-0899,express,Delivered,10/09/2023,14:43:26,11/09/2023,15:48:37,leave infront of door,KXD-998169
888-9361,next day,Delivered,25/02/2024,08:03:41,26/02/2024,10:33:34,leave infront of door,KYG-320709
934-1123,standard,Delivered,19/07/2023,13:58:28,19/07/2023,10:17:14,leave infront of door,KYK-109989
203-4582,standard,Delivered,11/11/2023,12:27:50,12/11/2023,09:22:24,ring bell,KZG-784383
477-7370,express,Delivered,28/01/2024,08:25:23,27/01/2024,12:20:10,delivery box,KZI-493272
291-6656,standard,Delivered,20/12/2023,09:58:49,20/12/2023,10:10:06,delivery box,LAN-477575
760-3774,next day,Delivered,21/11/2023,15:25:41,21/11/2023,16:09:59,ring bell,LBN-912121
825-6939,express,Delivered,12/09/2023,14:48:39,12/09/2023,12:10:36,delivery box,LCK-746676
644-7133,next day,Delivered,08/10/2023,07:28:25,08/10/2023,10:51:17,leave infront of door,LCT-470975
084-4120,express,Delivered,06/01/2024,15:46:18,06/01/2024,12:51:26,delivery box,LCX-708985
351-6890,express,Delivered,15/12/2023,09:20:14,15/12/2023,16:45:31,leave infront of door,LDH-150766
456-1812,next day,Delivered,20/08/2023,10:14:30,20/08/2023,10:19:54,leave infront of door,LDH-916099
323-7602,express,Delivered,06/02/2024,12:51:03,06/02/2024,16:10:25,delivery box,LDK-655644
028-6470,express,Delivered,17/01/2024,15:54:22,18/01/2024,14:49:40,ring bell,LEB-075252
126-1653,standard,Delivered,25/10/2023,09:13:39,24/10/2023,07:11:58,delivery box,LEK-075239
678-8567,standard,Delivered,10/08/2023,13:34:54,10/08/2023,14:45:41,ring bell,LGF-979389
714-6518,next day,Delivered,28/06/2023,08:52:16,28/06/2023,07:11:47,delivery box,LGS-825418
289-4572,standard,Delivered,31/07/2023,15:31:14,01/08/2023,15:40:59,delivery box,LGZ-339801
364-5354,express,Delivered,22/12/2023,13:37:57,22/12/2023,15:20:31,ring bell,LGZ-623806
472-6490,standard,Delivered,03/11/2023,07:46:36,04/11/2023,14:11:17,leave infront of door,LHS-423235
986-1246,standard,Out For Delivery,10/03/2024,15:18:24,NA,NA,delivery box,LHV-314928
136-2027,next day,Delivered,04/09/2023,16:35:49,05/09/2023,10:25:51,leave infront of door,LIW-613684
750-1114,express,Dispatch,19/03/2024,07:13:59,NA,NA,ring bell,LJI-683286
199-1018,next day,Delivered,25/09/2023,07:08:03,26/09/2023,11:29:56,ring bell,LJM-912474
447-0685,standard,Delivered,04/12/2023,16:02:28,04/12/2023,12:44:09,ring bell,LKD-403627
048-9134,standard,Delivered,29/07/2023,08:07:29,28/07/2023,09:33:12,delivery box,LLC-023216
539-1475,express,Delivered,01/01/2024,10:36:03,01/01/2024,15:45:31,delivery box,LMN-749508
381-0303,next day,Delivered,16/11/2023,11:14:14,17/11/2023,14:10:22,delivery box,LMY-850908
454-7257,standard,Delivered,07/09/2023,16:47:27,06/09/2023,08:50:19,ring bell,LPC-592440
054-0497,next day,Delivered,23/11/2023,07:44:50,23/11/2023,12:10:09,leave infront of door,LPM-977062
246-3227,next day,Dispatch,16/03/2024,12:03:51,NA,NA,ring bell,LPT-512781
136-5728,standard,Dispatch,19/03/2024,12:48:53,NA,NA,leave infront of door,LQA-522230
308-4410,express,Delivered,17/03/2024,12:56:44,16/03/2024,07:21:01,delivery box,LQP-758294
447-3156,standard,Delivered,10/10/2023,15:19:30,11/10/2023,09:30:24,leave infront of door,LQT-005333
354-7473,next day,Delivered,02/11/2023,13:56:24,03/11/2023,15:48:26,ring bell,LRD-049795
858-7930,next day,Delivered,28/08/2023,08:14:07,29/08/2023,10:04:48,delivery box,LSC-326400
333-4304,express,Delivered,16/08/2023,16:58:25,15/08/2023,14:59:32,delivery box,LSE-482406
885-9694,next day,Delivered,10/03/2024,08:25:45,11/03/2024,12:56:46,delivery box,LTM-193161
185-1849,express,Delivered,26/02/2024,13:51:12,25/02/2024,12:11:13,leave infront of door,LTS-311457
658-2664,express,Delivered,04/07/2023,14:20:38,03/07/2023,08:16:14,leave infront of door,LUF-158012
667-0664,next day,Delivered,21/07/2023,14:01:55,21/07/2023,09:47:49,delivery box,LUN-970226
456-9831,standard,Delivered,03/02/2024,14:16:04,04/02/2024,09:19:00,ring bell,LWW-083578
803-6285,express,Delivered,18/06/2023,11:08:12,17/06/2023,08:58:19,ring bell,LXZ-702350
653-1579,express,Delivered,23/03/2024,07:00:09,22/03/2024,08:32:47,ring bell,LZA-008122
474-4376,standard,Delivered,13/11/2023,13:59:36,13/11/2023,09:58:04,ring bell,MCM-467559
715-5776,next day,Delivered,25/12/2023,09:56:10,26/12/2023,11:07:00,ring bell,MDY-515998
080-4844,express,Delivered,07/02/2024,13:27:10,06/02/2024,13:18:04,leave infront of door,MDZ-362732
062-7264,standard,Delivered,24/06/2023,13:02:06,26/06/2023,07:32:15,ring bell,MES-565027
856-6018,standard,Delivered,16/08/2023,12:53:41,15/08/2023,16:44:42,delivery box,MET-294417
966-8068,next day,Delivered,03/07/2023,09:10:10,03/07/2023,08:48:21,ring bell,MFI-544135
585-4554,express,Delivered,04/09/2023,10:26:55,05/09/2023,16:22:27,delivery box,MFR-778536
149-7087,express,Delivered,29/06/2023,08:29:05,30/06/2023,07:28:54,ring bell,MGF-143016
511-5422,next day,In process,03/03/2024,14:21:04,NA,NA,ring bell,MGJ-187839
970-3900,next day,Delivered,15/12/2023,16:29:17,15/12/2023,15:55:57,ring bell,MGJ-393217
241-9611,next day,Delivered,11/02/2024,09:12:25,12/02/2024,10:35:49,leave infront of door,MGZ-024761
786-8364,standard,Delivered,23/07/2023,14:15:46,23/07/2023,08:38:43,leave infront of door,MHG-181819
824-4780,standard,Delivered,12/08/2023,13:30:12,11/08/2023,10:54:35,leave infront of door,MHT-077059
561-1602,standard,Delivered,27/08/2023,16:36:06,29/08/2023,13:55:47,delivery box,MIP-279037
234-5725,express,Delivered,30/07/2023,13:45:33,30/07/2023,16:05:54,delivery box,MJF-356140
125-7755,next day,Dispatch,21/03/2024,10:01:15,NA,NA,leave infront of door,MLL-893142
985-3471,standard,Delivered,25/02/2024,07:02:35,24/02/2024,09:49:44,leave infront of door,MLN-623768
904-8092,express,Delivered,09/06/2023,08:54:49,10/06/2023,11:58:46,delivery box,MMA-362439
160-5243,express,Dispatch,15/03/2024,07:11:42,NA,NA,delivery box,MND-815338
133-7684,standard,Out For Delivery,21/03/2024,13:35:02,NA,NA,delivery box,MOC-450422
121-8903,next day,Delivered,11/02/2024,12:24:29,12/02/2024,07:20:30,delivery box,MOC-535216
248-8793,standard,Delivered,27/10/2023,13:53:21,27/10/2023,15:31:53,delivery box,MOR-384739
770-7769,next day,Dispatch,17/03/2024,11:27:16,NA,NA,ring bell,MPH-214454
810-3614,next day,Delivered,20/09/2023,11:53:41,21/09/2023,13:29:48,leave infront of door,MTT-460907
341-9691,express,Delivered,17/11/2023,16:57:49,17/11/2023,12:06:55,ring bell,MTZ-807549
324-9354,standard,Delivered,23/11/2023,13:15:51,23/11/2023,09:50:12,delivery box,MUQ-713530
631-1410,next day,Delivered,03/08/2023,13:12:47,03/08/2023,13:54:31,ring bell,MUX-197184
688-3725,express,Delivered,18/08/2023,14:08:13,17/08/2023,15:02:49,ring bell,MWN-845535
302-5345,express,Out For Delivery,10/03/2024,13:18:43,NA,NA,delivery box,MXB-280767
704-7672,express,Delivered,13/01/2024,07:34:21,12/01/2024,09:24:28,ring bell,MXI-846255
911-5828,express,Delivered,10/01/2024,10:37:00,09/01/2024,09:18:41,leave infront of door,MZL-062328
797-3083,express,Delivered,10/07/2023,11:12:52,10/07/2023,11:48:57,delivery box,NBY-269126
293-6671,next day,Delivered,12/12/2023,10:47:06,12/12/2023,15:49:20,delivery box,NCD-388222
306-9501,express,Delivered,24/02/2024,09:18:57,23/02/2024,13:00:35,ring bell,NCJ-372359
311-8691,next day,In process,15/03/2024,11:11:21,NA,NA,delivery box,NCJ-660995
024-8500,express,Delivered,06/09/2023,14:07:01,05/09/2023,14:34:08,delivery box,NDE-597662
993-9143,next day,Delivered,04/11/2023,09:29:39,04/11/2023,09:45:12,ring bell,NDH-842824
650-1752,express,Delivered,08/12/2023,14:25:22,09/12/2023,14:35:50,ring bell,NDJ-283528
496-6470,next day,Delivered,20/01/2024,08:44:04,21/01/2024,13:38:15,delivery box,NDM-468372
729-3640,standard,Delivered,06/12/2023,08:17:57,08/12/2023,07:41:05,delivery box,NDU-634942
673-5710,express,Dispatch,30/03/2024,10:26:08,NA,NA,leave infront of door,NES-381151
814-7155,standard,Dispatch,07/03/2024,09:56:31,NA,NA,ring bell,NEV-413430
366-8482,next day,Delivered,07/06/2023,12:33:39,07/06/2023,08:57:58,leave infront of door,NFH-783490
904-5411,standard,Delivered,09/09/2023,15:22:41,08/09/2023,11:48:30,delivery box,NFJ-530249
757-3866,next day,Out For Delivery,30/03/2024,10:28:59,NA,NA,delivery box,NFQ-005483
489-0464,express,Delivered,10/09/2023,16:18:20,09/09/2023,08:33:54,ring bell,NFW-321279
533-4695,express,Delivered,21/10/2023,13:19:42,22/10/2023,14:07:04,delivery box,NHF-934905
289-4851,standard,Delivered,31/01/2024,13:43:34,30/01/2024,07:04:46,ring bell,NHQ-135343
014-1601,standard,Delivered,02/12/2023,09:37:39,03/12/2023,11:47:12,leave infront of door,NHX-019554
601-0570,standard,In process,26/03/2024,07:46:20,NA,NA,delivery box,NHZ-989928
907-2076,express,Delivered,17/06/2023,09:31:55,18/06/2023,10:50:53,leave infront of door,NIF-133989
127-2309,express,Delivered,14/10/2023,07:20:21,14/10/2023,11:02:03,leave infront of door,NJB-471080
122-8556,next day,Delivered,24/09/2023,16:56:03,25/09/2023,08:09:40,delivery box,NJP-058278
145-9696,standard,Delivered,18/09/2023,15:51:15,20/09/2023,08:16:13,ring bell,NJR-368225
668-6725,standard,Delivered,26/12/2023,07:46:01,26/12/2023,11:33:11,ring bell,NLL-457713
930-3472,standard,Delivered,01/08/2023,07:52:10,01/08/2023,07:43:29,leave infront of door,NLP-874553
120-5293,standard,Delivered,25/01/2024,14:27:14,25/01/2024,16:47:21,ring bell,NNM-676384
785-3960,express,Delivered,23/01/2024,10:42:02,22/01/2024,13:07:28,ring bell,NNN-176834
748-4147,express,Delivered,15/12/2023,12:12:02,16/12/2023,10:07:03,leave infront of door,NOE-160665
852-8276,standard,Delivered,23/06/2023,13:10:17,24/06/2023,07:04:53,leave infront of door,NOS-310904
976-8613,express,Out For Delivery,13/03/2024,09:44:06,NA,NA,delivery box,NOW-197349
033-8930,next day,Out For Delivery,21/03/2024,07:03:07,NA,NA,delivery box,NPU-842468
230-2727,express,Delivered,03/09/2023,11:27:48,04/09/2023,13:34:01,ring bell,NRS-425600
898-1698,express,Delivered,08/09/2023,14:06:33,07/09/2023,14:44:09,leave infront of door,NRX-965378
656-6265,express,Delivered,20/11/2023,16:03:34,21/11/2023,13:08:52,leave infront of door,NSH-861830
099-4329,standard,Delivered,02/07/2023,11:50:53,03/07/2023,16:18:18,leave infront of door,NUP-467163
703-0779,express,Delivered,19/10/2023,15:28:47,18/10/2023,14:22:42,delivery box,NXM-661206
422-8791,next day,Delivered,18/12/2023,13:08:41,18/12/2023,11:20:28,ring bell,NYL-531092
895-2371,next day,Delivered,25/07/2023,15:58:13,25/07/2023,16:37:42,delivery box,NZV-991754
173-3772,express,In process,08/03/2024,09:19:42,NA,NA,leave infront of door,NZX-069731
529-7832,express,Delivered,06/07/2023,07:01:49,05/07/2023,09:49:01,leave infront of door,OAC-572197
413-6177,standard,Delivered,09/06/2023,14:31:27,08/06/2023,11:19:08,delivery box,OAH-008479
033-0686,standard,Delivered,18/02/2024,15:28:54,18/02/2024,10:04:35,delivery box,OAL-288081
270-8270,express,Delivered,25/08/2023,10:06:00,26/08/2023,16:11:54,ring bell,OBD-792670
995-1760,express,Delivered,21/10/2023,16:50:51,20/10/2023,13:02:39,ring bell,OBI-305929
508-8216,next day,Delivered,19/09/2023,13:45:35,19/09/2023,10:20:47,ring bell,OCE-829507
252-5929,express,Delivered,17/07/2023,08:06:15,16/07/2023,14:30:56,ring bell,ODE-198481
066-5447,standard,Delivered,27/06/2023,12:06:11,27/06/2023,08:06:03,leave infront of door,ODX-436705
340-1214,standard,Delivered,29/02/2024,14:39:18,29/02/2024,07:27:55,leave infront of door,OEI-142471
637-5631,standard,Delivered,19/03/2024,09:56:41,19/03/2024,14:38:43,leave infront of door,OFR-032768
364-0574,express,Delivered,20/07/2023,15:12:43,21/07/2023,09:34:20,delivery box,OGB-016795
876-9888,express,Delivered,13/01/2024,09:10:14,14/01/2024,14:32:48,ring bell,OGB-264069
049-4971,express,Delivered,03/10/2023,09:10:19,04/10/2023,16:26:39,leave infront of door,OGQ-588432
908-9855,express,In process,04/03/2024,09:24:22,NA,NA,delivery box,OIA-080198
220-9505,express,Delivered,04/08/2023,12:08:57,05/08/2023,08:11:03,ring bell,OLE-518691
078-4896,express,Delivered,29/02/2024,10:54:18,28/02/2024,10:08:35,leave infront of door,OLK-958031
150-8164,express,Delivered,03/04/2024,16:35:44,02/04/2024,14:28:03,ring bell,OLY-545944
930-1295,express,Delivered,09/06/2023,08:49:34,09/06/2023,16:35:56,ring bell,ONW-179666
457-3854,next day,Delivered,20/02/2024,12:03:54,21/02/2024,08:58:53,leave infront of door,OOD-642552
691-2891,next day,Delivered,04/11/2023,09:02:40,04/11/2023,16:53:51,leave infront of door,OQA-640677
042-0486,standard,Delivered,16/02/2024,08:44:52,16/02/2024,15:59:58,delivery box,OQI-722839
902-1101,next day,Delivered,14/06/2023,16:21:41,15/06/2023,07:31:46,ring bell,OQN-800405
282-9843,express,Delivered,09/06/2023,16:58:12,08/06/2023,14:18:07,delivery box,ORH-601482
146-3054,next day,Dispatch,15/03/2024,11:36:27,NA,NA,ring bell,OSL-870388
452-6568,standard,Delivered,19/09/2023,08:31:48,20/09/2023,14:15:00,ring bell,OSR-053370
618-9628,express,Delivered,09/11/2023,08:00:04,08/11/2023,08:16:49,delivery box,OSV-526245
205-9917,next day,Delivered,23/09/2023,07:15:36,24/09/2023,13:51:47,delivery box,OTN-612211
807-8524,next day,Delivered,23/02/2024,07:56:45,23/02/2024,15:04:51,ring bell,OUG-738648
059-3773,standard,Delivered,27/07/2023,15:49:21,29/07/2023,12:44:30,delivery box,OUH-167141
098-6651,next day,Delivered,06/02/2024,12:22:18,07/02/2024,09:45:50,delivery box,OUO-834966
270-1601,next day,Delivered,22/02/2024,13:19:19,23/02/2024,11:33:30,ring bell,OUZ-848632
958-3846,express,Delivered,11/08/2023,09:09:55,11/08/2023,15:42:23,leave infront of door,OVD-467549
096-2826,express,Delivered,26/08/2023,09:37:41,26/08/2023,09:36:22,delivery box,OVO-519944
059-1462,express,Delivered,25/07/2023,13:27:51,25/07/2023,12:11:15,ring bell,OWJ-084219
955-5203,express,Delivered,02/08/2023,10:30:14,01/08/2023,07:52:58,leave infront of door,OWN-685737
905-3373,standard,Delivered,07/09/2023,08:26:36,06/09/2023,08:02:18,delivery box,OXG-870462
845-1400,express,Delivered,04/10/2023,13:31:35,04/10/2023,13:54:02,ring bell,OXU-544839
687-2898,next day,Delivered,27/02/2024,15:34:31,28/02/2024,07:29:48,delivery box,OZI-617323
645-1999,express,Delivered,17/02/2024,11:33:39,17/02/2024,14:37:33,leave infront of door,PBC-055763
451-9077,express,Delivered,09/02/2024,13:52:02,08/02/2024,12:50:29,ring bell,PBX-602794
349-7802,next day,Delivered,28/10/2023,14:39:45,29/10/2023,08:31:07,leave infront of door,PBY-481659
722-6310,express,Delivered,06/07/2023,13:17:04,07/07/2023,08:07:19,ring bell,PCA-375729
020-2160,standard,Delivered,21/06/2023,08:32:42,23/06/2023,10:48:20,delivery box,PCM-383027
539-0917,next day,Delivered,04/08/2023,14:56:56,04/08/2023,10:41:35,delivery box,PCR-032146
968-5644,express,Delivered,10/11/2023,08:55:22,09/11/2023,07:17:19,ring bell,PCU-750340
320-6208,next day,Delivered,18/06/2023,12:15:00,18/06/2023,08:30:06,ring bell,PED-212064
027-1131,express,Delivered,02/02/2024,11:38:21,01/02/2024,08:01:59,ring bell,PEG-814661
600-8442,next day,Delivered,10/02/2024,13:19:52,11/02/2024,16:07:22,delivery box,PEL-100488
494-8491,next day,Delivered,01/01/2024,08:38:26,02/01/2024,09:20:14,leave infront of door,PFK-881274
821-8664,standard,Delivered,10/09/2023,15:34:32,12/09/2023,15:33:51,ring bell,PGH-309881
984-6261,standard,Delivered,04/08/2023,14:16:14,03/08/2023,09:35:40,ring bell,PGL-068479
882-1859,next day,Delivered,23/11/2023,08:00:28,23/11/2023,14:54:11,leave infront of door,PHU-825675
371-9658,next day,Delivered,18/02/2024,09:30:52,18/02/2024,09:23:16,delivery box,PHW-441760
387-5537,next day,Delivered,14/07/2023,10:56:47,14/07/2023,11:34:15,ring bell,PIL-223915
157-5316,standard,Delivered,30/10/2023,14:47:50,30/10/2023,07:46:13,leave infront of door,PJL-276169
124-3558,express,Delivered,17/07/2023,07:13:36,18/07/2023,07:26:07,leave infront of door,PJV-502688
175-9473,next day,Delivered,09/07/2023,08:12:07,09/07/2023,07:36:33,delivery box,PKJ-837292
398-5779,express,Delivered,26/12/2023,08:21:08,27/12/2023,07:59:54,leave infront of door,PKR-828493
391-1938,express,Delivered,28/11/2023,13:36:32,27/11/2023,15:41:37,leave infront of door,PKZ-605878
209-4676,next day,Delivered,08/06/2023,16:42:37,09/06/2023,16:17:42,delivery box,PLY-783193
176-2854,next day,Delivered,31/12/2023,07:52:50,31/12/2023,15:58:07,ring bell,PNA-055312
103-7876,standard,Delivered,20/08/2023,14:40:15,20/08/2023,07:03:20,delivery box,PNC-850982
965-5356,next day,Delivered,02/02/2024,09:14:57,03/02/2024,11:37:42,ring bell,PNJ-273646
909-7434,next day,In process,01/03/2024,13:13:58,NA,NA,leave infront of door,POB-290605
663-3805,standard,Delivered,02/08/2023,07:35:03,01/08/2023,09:22:57,delivery box,POJ-544931
348-9059,standard,Delivered,28/07/2023,11:34:36,27/07/2023,08:35:37,leave infront of door,PQS-351657
555-9319,standard,In process,12/03/2024,10:19:52,NA,NA,ring bell,PQS-682252
307-5571,next day,Delivered,14/12/2023,12:19:28,15/12/2023,10:17:40,delivery box,PRH-459767
521-3947,standard,Delivered,21/07/2023,15:29:28,20/07/2023,10:30:19,leave infront of door,PRM-215355
130-9817,next day,Delivered,02/07/2023,13:19:52,02/07/2023,10:23:43,ring bell,PRX-307187
527-9889,next day,Delivered,31/01/2024,08:49:11,31/01/2024,12:56:28,leave infront of door,PSW-774584
743-7667,next day,Delivered,25/09/2023,13:18:36,26/09/2023,08:25:11,delivery box,PTA-689727
375-6815,express,Delivered,13/07/2023,15:16:47,13/07/2023,10:25:40,leave infront of door,PUQ-828478
917-5083,next day,Delivered,22/07/2023,16:52:54,23/07/2023,10:57:13,leave infront of door,PXD-678955
737-3540,express,Delivered,18/08/2023,07:18:11,19/08/2023,07:52:44,delivery box,PXO-960997
620-2063,next day,Delivered,08/01/2024,13:11:38,09/01/2024,15:38:21,delivery box,PYD-573688
673-9383,next day,Delivered,04/12/2023,15:20:05,04/12/2023,12:38:27,leave infront of door,PYW-273810
375-9927,standard,Delivered,27/08/2023,07:42:31,28/08/2023,08:04:01,leave infront of door,PZK-074046
736-7988,standard,Delivered,16/08/2023,09:03:13,18/08/2023,14:37:50,leave infront of door,PZN-877594
953-6229,express,Delivered,28/12/2023,15:04:57,27/12/2023,08:47:58,leave infront of door,PZO-664386
825-1220,standard,Delivered,21/06/2023,13:53:35,22/06/2023,11:24:18,delivery box,PZS-741186
441-1657,next day,Delivered,25/10/2023,12:25:13,25/10/2023,13:45:50,delivery box,PZW-645521
758-9289,express,Delivered,07/09/2023,13:56:42,08/09/2023,08:11:17,delivery box,QBM-421720
602-1740,next day,Delivered,29/09/2023,08:56:24,30/09/2023,09:09:04,leave infront of door,QBP-922725
917-4061,next day,Delivered,20/01/2024,07:26:35,20/01/2024,15:54:24,delivery box,QCA-000368
066-4823,express,Delivered,27/07/2023,09:08:00,26/07/2023,07:28:26,ring bell,QCC-938116
337-6958,express,Delivered,31/10/2023,14:22:48,30/10/2023,13:23:19,ring bell,QDT-228954
211-1330,express,Dispatch,05/03/2024,12:09:02,NA,NA,leave infront of door,QER-041979
292-2045,express,Delivered,08/06/2023,11:29:28,07/06/2023,09:19:24,delivery box,QFG-444258
205-3303,standard,Delivered,03/09/2023,08:30:23,03/09/2023,12:12:02,delivery box,QHA-334069
934-9592,express,Delivered,03/12/2023,16:27:47,04/12/2023,11:52:53,delivery box,QHK-587528
587-5435,next day,Delivered,19/12/2023,11:23:21,20/12/2023,11:12:56,leave infront of door,QHP-475715
463-7628,next day,Delivered,06/01/2024,15:43:56,06/01/2024,15:52:20,delivery box,QHZ-860234
324-7246,express,Out For Delivery,10/03/2024,12:58:53,NA,NA,delivery box,QKG-498924
554-6554,next day,Delivered,13/01/2024,07:21:24,13/01/2024,15:14:33,delivery box,QLN-760210
318-1270,standard,Delivered,06/12/2023,09:02:37,05/12/2023,08:08:07,leave infront of door,QLZ-783913
751-4517,standard,Delivered,27/09/2023,14:34:59,27/09/2023,11:22:30,delivery box,QNS-942461
670-9902,standard,Delivered,28/10/2023,11:36:26,27/10/2023,07:55:27,leave infront of door,QNV-522100
170-9806,express,Delivered,23/10/2023,12:34:39,22/10/2023,16:16:22,leave infront of door,QNX-087173
310-1760,standard,Delivered,11/03/2024,13:17:22,12/03/2024,15:31:48,ring bell,QOG-427778
866-7770,express,Delivered,19/07/2023,07:07:03,18/07/2023,08:15:54,delivery box,QQY-905312
823-5929,next day,Delivered,01/07/2023,12:33:12,01/07/2023,08:27:37,delivery box,QRA-371815
910-8060,next day,Delivered,16/09/2023,13:28:53,17/09/2023,07:57:44,leave infront of door,QSH-836089
970-2736,standard,Dispatch,31/03/2024,14:52:57,NA,NA,leave infront of door,QSV-428171
984-1176,standard,Delivered,27/09/2023,16:56:58,29/09/2023,13:59:06,leave infront of door,QTC-750585
962-6724,next day,Delivered,28/06/2023,16:09:47,28/06/2023,15:19:31,leave infront of door,QUK-011844
053-5063,next day,Delivered,08/01/2024,09:55:20,08/01/2024,11:57:42,delivery box,QUO-529596
985-2785,next day,Delivered,10/09/2023,10:13:17,10/09/2023,08:27:56,ring bell,QVS-491564
908-4534,express,Delivered,26/08/2023,09:32:26,25/08/2023,14:19:09,ring bell,QVX-832230
666-8235,express,Delivered,26/01/2024,10:29:16,27/01/2024,11:36:10,delivery box,QWA-940561
077-1944,standard,Delivered,26/07/2023,09:52:31,26/07/2023,14:42:59,leave infront of door,QWF-778018
251-3274,next day,In process,17/03/2024,08:12:56,NA,NA,leave infront of door,QWV-100178
626-4170,next day,Delivered,02/01/2024,15:11:01,02/01/2024,11:28:25,delivery box,QWX-565601
984-3712,express,Delivered,05/07/2023,08:03:41,05/07/2023,15:33:52,ring bell,QXQ-807488
649-7502,next day,Delivered,16/07/2023,11:48:32,17/07/2023,10:02:47,ring bell,QXX-640270
604-4200,standard,Delivered,24/07/2023,15:23:55,26/07/2023,15:59:03,leave infront of door,QYG-678338
034-3359,standard,Delivered,03/08/2023,15:07:00,03/08/2023,08:14:13,delivery box,QYL-155577
689-6914,next day,Delivered,08/11/2023,16:33:08,08/11/2023,09:17:36,delivery box,QYO-296593
762-9600,next day,Delivered,24/01/2024,10:35:01,25/01/2024,08:09:27,ring bell,RAE-995760
068-0523,standard,Delivered,21/07/2023,07:44:10,23/07/2023,11:32:34,delivery box,RAJ-889581
837-0117,standard,Delivered,27/07/2023,09:26:01,27/07/2023,14:27:44,leave infront of door,RAM-639336
343-8394,standard,Delivered,01/10/2023,13:50:04,01/10/2023,07:58:31,delivery box,RBE-500198
133-1655,next day,Delivered,19/01/2024,12:40:51,19/01/2024,07:21:10,ring bell,RBQ-921774
725-2632,next day,Out For Delivery,29/03/2024,14:43:00,NA,NA,delivery box,REA-420764
523-1622,standard,Delivered,08/02/2024,12:26:53,07/02/2024,16:02:28,leave infront of door,REV-258994
899-9686,express,Dispatch,07/03/2024,08:00:07,NA,NA,leave infront of door,REY-654180
830-6327,next day,Dispatch,23/03/2024,08:37:20,NA,NA,delivery box,RFC-316765
983-5552,next day,Delivered,21/11/2023,14:56:59,22/11/2023,09:36:15,ring bell,RFU-979179
197-5942,standard,Delivered,03/11/2023,15:22:19,03/11/2023,09:45:55,leave infront of door,RGI-644901
534-0539,express,Delivered,26/06/2023,09:06:56,26/06/2023,15:23:24,leave infront of door,RHX-277083
990-6017,next day,Delivered,11/10/2023,15:16:54,11/10/2023,08:20:36,ring bell,RIJ-827081
182-6754,next day,Delivered,30/07/2023,14:16:48,31/07/2023,08:31:03,ring bell,RIN-571312
211-2645,standard,Delivered,16/01/2024,13:21:10,15/01/2024,12:31:05,leave infront of door,RJA-818747
462-3489,next day,Delivered,18/11/2023,15:35:56,19/11/2023,12:04:13,delivery box,RLD-189371
312-4758,standard,Delivered,16/07/2023,13:43:49,16/07/2023,09:12:28,leave infront of door,RLP-107107
497-8194,standard,Delivered,30/10/2023,09:52:01,29/10/2023,07:11:06,delivery box,RLT-923190
745-3655,standard,Delivered,20/03/2024,08:10:46,20/03/2024,13:36:39,ring bell,RMF-150537
284-5154,express,Delivered,11/12/2023,12:37:11,12/12/2023,11:57:23,delivery box,RMP-855482
336-8261,next day,Delivered,13/12/2023,13:31:25,14/12/2023,11:57:12,delivery box,RMY-948658
524-8220,express,Delivered,30/12/2023,07:08:15,29/12/2023,11:33:33,delivery box,RNA-358191
995-2690,express,Delivered,15/11/2023,13:58:38,15/11/2023,12:43:00,delivery box,RNN-548824
019-0093,standard,Delivered,09/02/2024,12:06:04,08/02/2024,09:10:03,ring bell,ROJ-416824
422-8910,standard,Delivered,31/10/2023,08:26:07,01/11/2023,09:35:39,leave infront of door,RPS-269444
991-4799,next day,Delivered,12/02/2024,12:04:15,12/02/2024,15:28:14,delivery box,RRT-872833
798-2231,express,Delivered,12/01/2024,10:40:14,11/01/2024,13:16:08,delivery box,RTO-465718
985-3783,express,Delivered,18/01/2024,09:51:17,17/01/2024,07:23:53,leave infront of door,RUK-836786
311-9465,next day,Delivered,19/10/2023,16:07:03,19/10/2023,07:19:27,leave infront of door,RUL-683242
296-1804,next day,Delivered,14/07/2023,11:12:42,14/07/2023,14:26:26,ring bell,RUX-388852
892-7364,express,Delivered,12/11/2023,16:31:09,12/11/2023,13:44:02,ring bell,RVK-888289
201-0561,next day,Delivered,26/06/2023,15:29:32,27/06/2023,13:05:40,ring bell,RVP-789273
084-1454,express,Delivered,23/10/2023,08:37:48,23/10/2023,13:52:58,ring bell,RWB-797677
596-4395,next day,Delivered,03/07/2023,11:18:09,04/07/2023,16:42:36,delivery box,RWZ-443315
011-9848,express,Delivered,27/07/2023,12:13:41,28/07/2023,14:40:33,ring bell,RXA-128535
289-2053,next day,Delivered,18/01/2024,14:20:34,18/01/2024,14:37:50,ring bell,RXZ-218418
577-0444,next day,Delivered,13/02/2024,09:39:17,13/02/2024,11:14:53,delivery box,RYF-709225
585-7375,standard,Delivered,21/08/2023,10:31:50,20/08/2023,15:28:12,ring bell,SAI-573304
225-9507,standard,Delivered,13/10/2023,16:08:34,12/10/2023,09:38:03,leave infront of door,SCR-847332
088-0497,express,Delivered,01/10/2023,15:31:48,30/09/2023,12:55:59,delivery box,SCY-607266
564-5181,express,Delivered,26/03/2024,16:49:08,27/03/2024,14:59:07,delivery box,SDG-922565
275-0849,next day,Delivered,26/07/2023,14:17:51,26/07/2023,13:26:13,ring bell,SDO-271557
960-1966,standard,Delivered,14/07/2023,09:07:58,15/07/2023,13:24:12,leave infront of door,SEY-823182
759-1868,express,Delivered,17/08/2023,09:31:47,16/08/2023,12:27:12,ring bell,SFD-199677
902-6957,express,Delivered,21/11/2023,09:09:57,20/11/2023,15:10:25,ring bell,SFI-965714
223-5649,standard,Delivered,07/09/2023,14:19:07,08/09/2023,14:17:46,leave infront of door,SFL-027824
272-2904,express,Delivered,19/09/2023,07:37:44,19/09/2023,10:51:38,delivery box,SFW-114073
553-9119,next day,Delivered,16/10/2023,08:30:38,16/10/2023,07:03:22,delivery box,SGG-068889
291-3163,express,Delivered,03/09/2023,16:53:18,02/09/2023,15:53:11,ring bell,SGK-170452
143-5841,next day,Delivered,26/11/2023,12:42:40,26/11/2023,10:52:13,delivery box,SGO-804516
900-0767,express,Delivered,16/10/2023,14:47:11,16/10/2023,07:18:06,delivery box,SGT-335291
696-6018,express,Delivered,06/12/2023,14:40:59,07/12/2023,07:42:50,ring bell,SGY-161822
683-4389,next day,Delivered,05/07/2023,12:00:55,06/07/2023,16:51:41,delivery box,SHH-945891
902-4256,next day,Delivered,07/10/2023,09:17:54,07/10/2023,16:25:00,delivery box,SHR-463523
888-0445,next day,Delivered,23/10/2023,15:37:45,24/10/2023,14:56:01,leave infront of door,SHX-170706
056-2897,next day,Delivered,12/07/2023,08:32:17,12/07/2023,14:46:57,leave infront of door,SII-374001
069-9586,next day,Delivered,10/02/2024,07:56:14,11/02/2024,09:56:01,delivery box,SIZ-926836
097-6373,standard,Delivered,28/02/2024,07:57:26,01/03/2024,12:24:34,delivery box,SJE-685675
130-9306,standard,Delivered,31/07/2023,09:27:37,30/07/2023,16:00:12,leave infront of door,SJY-993023
072-0064,standard,Delivered,18/11/2023,16:20:28,18/11/2023,10:36:51,leave infront of door,SKA-489355
373-9650,express,Delivered,14/02/2024,15:53:37,14/02/2024,13:35:10,leave infront of door,SKX-778015
681-1989,express,Delivered,22/07/2023,14:18:51,23/07/2023,16:39:40,ring bell,SKZ-386472
596-4942,express,Delivered,15/11/2023,10:05:51,14/11/2023,14:44:51,ring bell,SMP-271058
765-8141,next day,Delivered,12/02/2024,12:15:14,12/02/2024,11:21:09,leave infront of door,SMU-223445
142-4818,express,Delivered,02/09/2023,09:45:21,01/09/2023,08:22:31,ring bell,SMV-581514
178-5713,standard,Delivered,31/10/2023,14:53:21,31/10/2023,07:59:25,leave infront of door,SNS-346174
215-9881,next day,Delivered,07/11/2023,16:47:35,07/11/2023,11:55:17,ring bell,SOG-566205
490-1035,standard,Delivered,29/11/2023,14:21:41,01/12/2023,15:14:26,delivery box,SQA-815848
774-6623,express,Delivered,17/08/2023,09:54:14,16/08/2023,09:30:37,delivery box,SQB-750657
195-2950,standard,Delivered,12/06/2023,07:01:00,14/06/2023,10:45:30,ring bell,SSX-247684
548-5695,express,Delivered,26/08/2023,16:20:52,27/08/2023,09:23:16,ring bell,STH-483623
296-7539,next day,Delivered,11/08/2023,09:34:28,11/08/2023,11:31:53,delivery box,STI-861481
760-3559,next day,Delivered,22/02/2024,14:09:49,22/02/2024,16:46:45,leave infront of door,STY-743553
030-6376,express,Delivered,02/10/2023,07:01:11,02/10/2023,10:18:58,ring bell,SUH-767864
598-6556,next day,Delivered,07/07/2023,12:52:33,08/07/2023,08:07:49,ring bell,SWE-094302
487-0765,next day,Delivered,17/02/2024,13:12:56,17/02/2024,13:18:19,delivery box,SXQ-314903
147-4766,express,Out For Delivery,03/03/2024,09:59:25,NA,NA,delivery box,SYF-256215
673-5816,standard,Delivered,05/09/2023,09:13:01,05/09/2023,13:35:08,leave infront of door,SZX-303096
148-2544,next day,Delivered,18/10/2023,14:36:48,19/10/2023,16:25:50,ring bell,TAY-532387
372-1051,standard,Delivered,29/02/2024,10:22:52,02/03/2024,14:04:54,ring bell,TBE-258248
028-8638,standard,Delivered,22/09/2023,10:17:15,22/09/2023,13:11:20,delivery box,TBO-663785
520-3886,next day,Delivered,12/11/2023,10:10:06,12/11/2023,14:56:17,leave infront of door,TDB-512142
249-0156,express,Delivered,15/11/2023,13:33:04,14/11/2023,11:38:01,ring bell,TDG-888609
094-7941,next day,Delivered,20/12/2023,15:37:41,21/12/2023,14:05:44,ring bell,TDI-132813
301-4013,next day,Delivered,12/03/2024,09:59:56,12/03/2024,09:08:01,delivery box,TFD-803811
882-7245,express,Delivered,21/03/2024,11:39:21,20/03/2024,12:00:14,leave infront of door,TGQ-380347
930-9704,next day,Delivered,23/02/2024,08:15:18,23/02/2024,16:06:43,delivery box,TGU-380065
080-6799,standard,Delivered,16/07/2023,13:40:38,17/07/2023,07:54:59,ring bell,TGZ-890759
098-3566,express,Delivered,25/11/2023,11:57:22,24/11/2023,09:50:56,ring bell,THD-916069
275-1631,express,Delivered,02/02/2024,07:12:17,01/02/2024,16:50:15,leave infront of door,THY-734318
628-5015,standard,Delivered,08/02/2024,13:42:49,09/02/2024,08:51:31,delivery box,TIL-435638
995-3898,next day,Delivered,06/11/2023,07:16:40,07/11/2023,13:49:14,leave infront of door,TJG-576225
917-5080,next day,Delivered,16/02/2024,11:31:18,16/02/2024,15:44:28,delivery box,TJM-229481
941-0198,next day,Delivered,23/06/2023,11:07:10,23/06/2023,13:01:34,ring bell,TKA-670450
272-4905,standard,Delivered,14/10/2023,08:04:16,16/10/2023,07:07:46,delivery box,TKW-157586
299-7101,next day,Delivered,26/08/2023,11:55:49,27/08/2023,07:15:29,delivery box,TLR-088027
747-4441,standard,Dispatch,15/03/2024,11:41:05,NA,NA,delivery box,TLZ-151497
201-5177,next day,Delivered,11/07/2023,15:22:40,11/07/2023,07:33:19,ring bell,TLZ-917917
347-8281,standard,Delivered,16/08/2023,15:32:36,16/08/2023,15:12:47,leave infront of door,TOG-383942
475-6123,express,Delivered,20/01/2024,16:31:56,20/01/2024,15:16:00,ring bell,TOH-750088
049-4428,express,Delivered,14/12/2023,14:31:43,14/12/2023,10:26:31,delivery box,TOH-991582
841-0438,next day,Delivered,17/01/2024,08:40:58,17/01/2024,07:20:19,delivery box,TOZ-957383
626-3236,next day,Delivered,21/11/2023,12:12:23,22/11/2023,11:19:19,leave infront of door,TPH-424017
235-3428,express,Delivered,05/11/2023,10:27:58,04/11/2023,09:48:46,delivery box,TRQ-712195
811-2080,standard,Delivered,22/09/2023,12:43:47,21/09/2023,10:24:49,ring bell,TSJ-732380
878-5051,express,Delivered,26/10/2023,15:09:47,25/10/2023,15:38:52,delivery box,TSU-602165
959-2777,standard,Delivered,17/10/2023,15:50:09,16/10/2023,08:11:53,delivery box,TUT-500984
048-7258,next day,Delivered,29/12/2023,08:03:05,30/12/2023,09:48:49,delivery box,TVA-486841
547-6774,next day,Delivered,04/01/2024,09:14:42,04/01/2024,08:08:51,ring bell,TVD-844218
121-6947,express,Delivered,29/02/2024,14:20:49,01/03/2024,08:13:16,leave infront of door,TVE-811097
850-5381,express,Delivered,27/02/2024,16:06:10,28/02/2024,11:42:05,ring bell,TWA-702821
332-1935,express,Delivered,24/06/2023,13:14:05,24/06/2023,14:37:08,ring bell,TWS-493261
824-5977,express,Delivered,28/11/2023,15:24:08,27/11/2023,11:34:03,leave infront of door,TWY-879433
916-4139,next day,Delivered,25/11/2023,16:24:34,25/11/2023,15:19:27,ring bell,TXU-358191
237-2887,next day,Delivered,13/10/2023,09:50:39,14/10/2023,10:05:09,delivery box,TXX-759604
913-1911,express,Delivered,07/02/2024,08:58:58,07/02/2024,13:21:41,delivery box,TYC-761599
299-2694,standard,Delivered,29/02/2024,10:25:03,28/02/2024,08:19:52,delivery box,TYN-525156
231-1979,express,Delivered,22/10/2023,11:11:09,23/10/2023,09:47:51,leave infront of door,UAK-990112
107-6284,standard,Delivered,16/09/2023,16:46:42,15/09/2023,14:29:45,delivery box,UBH-978099
767-4871,standard,Delivered,21/02/2024,16:56:41,21/02/2024,08:39:34,ring bell,UBO-636303
326-1553,standard,Delivered,05/07/2023,15:36:26,06/07/2023,11:51:27,delivery box,UBV-592483
767-9088,express,Delivered,05/06/2023,12:59:07,04/06/2023,09:35:26,leave infront of door,UCO-391621
435-2910,standard,Delivered,04/09/2023,07:45:13,06/09/2023,12:22:07,ring bell,UDA-108249
324-2612,standard,Delivered,09/10/2023,12:46:51,08/10/2023,13:55:09,delivery box,UDU-506663
394-3049,express,Delivered,16/07/2023,07:34:40,15/07/2023,10:30:02,leave infront of door,UEH-519135
131-2777,next day,Delivered,14/03/2024,08:01:39,15/03/2024,08:43:22,leave infront of door,UEO-996812
820-7940,next day,Delivered,23/11/2023,11:48:04,24/11/2023,15:04:04,ring bell,UEY-629397
366-6136,standard,Out For Delivery,30/03/2024,15:07:50,NA,NA,ring bell,UFR-130207
945-1514,standard,Delivered,15/12/2023,13:48:17,14/12/2023,07:42:10,ring bell,UGD-219661
183-2575,express,Delivered,19/09/2023,08:49:55,20/09/2023,07:52:33,leave infront of door,UGH-433128
748-1831,next day,Delivered,03/12/2023,13:57:32,04/12/2023,14:50:21,delivery box,UGX-615993
316-9050,standard,Delivered,28/08/2023,14:10:38,30/08/2023,11:08:01,ring bell,UIQ-457262
618-6542,next day,Delivered,09/01/2024,10:32:00,10/01/2024,12:48:16,delivery box,UJQ-945166
000-8963,next day,Delivered,06/02/2024,16:25:13,06/02/2024,15:25:57,leave infront of door,UKN-865673
778-2916,next day,Delivered,14/02/2024,10:54:17,15/02/2024,07:40:53,ring bell,ULO-939758
364-8829,express,Delivered,24/09/2023,14:55:05,25/09/2023,14:15:25,ring bell,UNM-955352
816-1277,next day,Delivered,12/08/2023,16:59:58,12/08/2023,13:37:32,leave infront of door,UOY-865765
604-4035,standard,Delivered,16/07/2023,16:33:25,17/07/2023,08:01:40,ring bell,UOZ-008547
553-7510,standard,Delivered,06/08/2023,15:20:19,06/08/2023,14:43:50,leave infront of door,UPZ-817823
404-3943,express,Delivered,25/02/2024,12:49:46,26/02/2024,16:10:43,leave infront of door,UQX-519583
694-8206,next day,Delivered,18/10/2023,12:52:26,18/10/2023,12:17:14,leave infront of door,URC-242517
431-3361,next day,Delivered,02/09/2023,16:18:12,02/09/2023,14:33:20,delivery box,URN-239676
998-1464,express,Delivered,17/02/2024,14:50:12,18/02/2024,10:39:02,delivery box,URW-768661
760-0694,standard,Delivered,10/02/2024,09:54:56,11/02/2024,10:56:42,leave infront of door,USW-832041
794-7570,standard,Delivered,02/09/2023,08:05:12,01/09/2023,09:54:29,leave infront of door,UUN-618624
839-4740,express,Delivered,01/07/2023,16:32:28,30/06/2023,10:50:34,delivery box,UWC-106650
858-1178,express,Delivered,26/02/2024,08:01:23,25/02/2024,13:29:37,ring bell,UWL-815343
335-4234,standard,Delivered,19/10/2023,07:36:33,21/10/2023,10:22:57,leave infront of door,UWV-704257
259-3220,next day,Delivered,05/06/2023,08:18:45,06/06/2023,13:40:07,ring bell,UWY-893551
283-5867,express,Delivered,23/06/2023,15:36:10,23/06/2023,08:16:47,delivery box,UXD-246441
877-5542,express,Delivered,07/07/2023,07:04:34,07/07/2023,13:11:05,delivery box,UXE-483841
830-5608,standard,Delivered,29/03/2024,07:35:54,31/03/2024,15:55:27,ring bell,UXF-637824
009-6173,express,Delivered,04/07/2023,10:50:35,03/07/2023,11:32:53,delivery box,UXI-022515
724-3509,next day,Delivered,12/02/2024,10:31:03,12/02/2024,12:25:06,ring bell,UXO-202890
316-8953,standard,Delivered,24/11/2023,14:24:20,23/11/2023,14:11:34,leave infront of door,UXR-888156
590-1104,standard,Delivered,10/06/2023,07:28:06,09/06/2023,10:49:17,delivery box,UYT-266005
861-7531,express,Delivered,16/06/2023,09:32:54,15/06/2023,15:39:57,leave infront of door,UZE-017227
519-8344,standard,In process,04/04/2024,12:55:48,NA,NA,ring bell,VBQ-493117
685-5716,standard,Delivered,19/02/2024,10:34:34,20/02/2024,15:55:14,leave infront of door,VBR-447600
471-1418,next day,Delivered,20/02/2024,09:46:22,20/02/2024,13:47:50,leave infront of door,VDG-118470
775-5501,standard,Delivered,15/09/2023,15:02:07,17/09/2023,11:47:56,leave infront of door,VFA-122286
446-1639,next day,Delivered,10/08/2023,13:01:44,10/08/2023,10:31:33,delivery box,VFA-326742
424-3415,express,Delivered,12/01/2024,08:06:16,11/01/2024,07:57:21,ring bell,VFL-620822
915-4204,express,Delivered,25/06/2023,09:08:55,25/06/2023,14:13:40,delivery box,VFO-645779
571-2915,standard,Delivered,16/11/2023,15:02:30,15/11/2023,12:54:23,delivery box,VFT-065012
616-0762,express,Delivered,22/06/2023,13:09:17,23/06/2023,12:13:21,leave infront of door,VGA-222234
375-5959,standard,Out For Delivery,19/03/2024,15:44:17,NA,NA,delivery box,VGI-806864
278-6297,standard,Dispatch,12/03/2024,13:15:44,NA,NA,delivery box,VHE-416819
723-1116,next day,Delivered,02/07/2023,14:12:57,03/07/2023,10:53:29,delivery box,VHF-732072
459-4330,express,Delivered,08/12/2023,14:41:44,09/12/2023,13:26:34,leave infront of door,VHF-781678
027-8456,next day,Delivered,28/01/2024,08:23:09,29/01/2024,12:19:28,delivery box,VHG-656051
923-4548,next day,Delivered,03/10/2023,07:37:36,03/10/2023,15:45:23,ring bell,VHW-846842
152-0738,express,Delivered,21/02/2024,11:38:19,20/02/2024,10:22:58,ring bell,VJU-796930
430-3441,next day,Dispatch,22/03/2024,07:40:07,NA,NA,leave infront of door,VKP-241299
952-7586,next day,Delivered,31/08/2023,12:18:46,01/09/2023,11:04:21,delivery box,VKP-496299
947-2098,next day,Delivered,14/11/2023,14:46:36,14/11/2023,16:53:23,ring bell,VLY-384119
628-6161,standard,Dispatch,04/03/2024,12:19:57,NA,NA,delivery box,VMS-478374
596-1009,standard,Delivered,21/11/2023,13:20:36,22/11/2023,07:28:12,ring bell,VNL-065642
477-5379,express,Delivered,03/09/2023,12:40:15,03/09/2023,12:51:51,leave infront of door,VON-907718
769-6723,express,Delivered,28/02/2024,13:48:52,29/02/2024,10:03:48,ring bell,VOO-529760
576-2065,standard,Delivered,15/06/2023,16:54:06,16/06/2023,11:24:34,ring bell,VQB-610499
382-7415,express,Delivered,03/11/2023,15:22:51,04/11/2023,14:22:38,ring bell,VQM-863701
983-1922,standard,Delivered,27/08/2023,14:35:40,29/08/2023,09:58:07,leave infront of door,VRT-256772
307-0436,standard,Delivered,18/07/2023,16:41:15,17/07/2023,10:34:21,leave infront of door,VSE-913432
335-2043,next day,Delivered,30/11/2023,16:15:25,30/11/2023,12:53:39,ring bell,VSN-236147
538-9731,next day,Delivered,29/11/2023,07:56:23,30/11/2023,08:44:40,delivery box,VSP-681031
693-3133,standard,Delivered,08/02/2024,16:54:25,09/02/2024,10:58:12,ring bell,VSY-664194
526-6284,standard,Delivered,04/09/2023,11:54:36,05/09/2023,08:45:10,ring bell,VTB-943099
678-2244,next day,Delivered,24/01/2024,11:29:57,24/01/2024,08:35:40,delivery box,VTL-235368
150-0222,express,Delivered,14/06/2023,10:53:43,14/06/2023,16:20:40,ring bell,VUG-462015
601-3466,express,Delivered,14/11/2023,07:11:06,15/11/2023,13:28:14,leave infront of door,VUL-517605
339-6496,next day,Delivered,06/07/2023,08:48:10,06/07/2023,10:23:31,leave infront of door,VVK-862320
163-4464,standard,Delivered,31/10/2023,10:35:52,30/10/2023,12:14:31,ring bell,VVN-772808
502-8218,express,Delivered,10/03/2024,07:39:08,09/03/2024,11:04:20,delivery box,VVX-824062
555-5802,standard,Delivered,16/08/2023,07:16:14,18/08/2023,13:09:39,ring bell,VXE-427132
076-0697,standard,Dispatch,05/04/2024,16:54:47,NA,NA,ring bell,VXM-237176
483-7431,standard,Delivered,06/08/2023,13:18:27,08/08/2023,16:34:02,delivery box,VYA-568217
047-1436,express,Delivered,15/08/2023,16:40:19,15/08/2023,15:51:21,leave infront of door,VYN-891422
848-4088,express,In process,14/03/2024,16:18:40,NA,NA,leave infront of door,VYR-851249
141-7597,standard,Delivered,14/12/2023,14:44:09,14/12/2023,13:32:10,leave infront of door,VZS-957323
565-0584,express,Delivered,02/12/2023,11:03:46,02/12/2023,16:35:49,leave infront of door,WAC-599234
600-9783,standard,Delivered,14/09/2023,12:33:04,15/09/2023,08:58:53,leave infront of door,WBN-197815
070-4714,express,Delivered,23/08/2023,10:49:55,22/08/2023,14:52:21,ring bell,WCW-706861
341-1257,standard,Delivered,17/11/2023,13:22:30,17/11/2023,14:36:51,ring bell,WDD-018153
938-1011,standard,Delivered,25/10/2023,15:00:27,24/10/2023,10:49:12,ring bell,WDD-176260
467-4527,standard,Dispatch,28/03/2024,15:22:14,NA,NA,leave infront of door,WDD-451993
072-6228,standard,Delivered,28/07/2023,10:35:09,27/07/2023,14:46:19,ring bell,WDE-448863
226-2884,standard,Delivered,15/06/2023,10:51:21,15/06/2023,08:59:18,delivery box,WDV-887799
288-8343,standard,Delivered,23/11/2023,10:15:42,23/11/2023,12:00:26,leave infront of door,WED-601647
549-6876,standard,Delivered,11/12/2023,08:49:12,10/12/2023,11:24:55,delivery box,WFR-012702
223-5198,standard,Delivered,11/10/2023,14:37:58,12/10/2023,08:54:59,delivery box,WFV-959349
065-8109,standard,Delivered,08/11/2023,12:47:06,08/11/2023,15:40:00,delivery box,WHG-375713
776-6965,next day,Delivered,11/06/2023,16:10:56,12/06/2023,11:13:06,leave infront of door,WHI-542872
594-2917,next day,Delivered,27/02/2024,15:51:20,28/02/2024,11:33:36,delivery box,WIR-589141
589-5689,standard,Delivered,17/02/2024,16:49:30,18/02/2024,16:43:30,leave infront of door,WIV-500982
893-1516,express,Delivered,09/07/2023,10:28:22,09/07/2023,11:04:56,ring bell,WJD-314780
681-8582,express,Delivered,21/06/2023,16:27:43,20/06/2023,15:22:47,leave infront of door,WJO-070604
634-5431,standard,Delivered,12/01/2024,10:13:14,14/01/2024,11:24:17,delivery box,WLM-083065
574-7634,express,Delivered,11/12/2023,15:09:01,10/12/2023,15:34:39,delivery box,WMA-480722
934-6932,express,Delivered,15/09/2023,13:53:36,14/09/2023,07:49:23,leave infront of door,WNQ-496965
582-0888,next day,Delivered,31/12/2023,13:27:57,31/12/2023,13:52:05,leave infront of door,WNY-418252
601-9914,standard,Out For Delivery,01/03/2024,13:25:29,NA,NA,delivery box,WQK-545887
553-2380,standard,Delivered,28/09/2023,13:29:07,30/09/2023,12:05:46,delivery box,WQS-076516
964-5342,express,Out For Delivery,27/03/2024,12:59:43,NA,NA,delivery box,WQV-661064
067-1757,next day,Out For Delivery,26/03/2024,12:46:03,NA,NA,leave infront of door,WRN-781190
195-9785,express,Delivered,04/07/2023,11:01:57,05/07/2023,12:45:30,delivery box,WRQ-001935
238-8677,express,Delivered,24/08/2023,14:10:40,25/08/2023,14:23:02,ring bell,WRR-590552
465-6448,standard,Delivered,28/06/2023,16:54:48,29/06/2023,14:08:51,ring bell,WSR-717038
706-7048,next day,Delivered,23/06/2023,10:14:34,24/06/2023,15:36:03,delivery box,WSU-298412
760-0992,standard,Delivered,31/01/2024,07:53:42,02/02/2024,14:48:38,leave infront of door,WTA-146308
604-5231,standard,Out For Delivery,19/03/2024,15:14:00,NA,NA,delivery box,WTR-007913
752-6873,express,Delivered,17/12/2023,09:22:12,18/12/2023,15:44:01,leave infront of door,WTS-576149
641-8565,express,Delivered,13/07/2023,08:10:24,14/07/2023,16:49:49,delivery box,WTV-791477
950-9966,express,Delivered,07/07/2023,16:52:40,06/07/2023,16:03:55,delivery box,WVM-302381
057-7131,express,Delivered,15/11/2023,08:11:24,15/11/2023,12:26:08,leave infront of door,WWB-726945
720-3966,standard,Delivered,14/07/2023,14:25:30,13/07/2023,11:24:00,leave infront of door,WWE-866579
534-9400,next day,Delivered,21/09/2023,12:58:55,21/09/2023,11:47:33,leave infront of door,WWG-683266
259-2455,express,Dispatch,21/03/2024,12:11:35,NA,NA,delivery box,WWO-276310
539-2615,standard,Delivered,18/09/2023,11:56:38,20/09/2023,08:57:06,delivery box,WWY-010360
474-0285,standard,Delivered,23/10/2023,07:13:33,23/10/2023,16:26:42,delivery box,WYQ-587157
964-1409,express,Delivered,26/02/2024,16:39:31,25/02/2024,07:20:54,delivery box,WYX-857320
819-0092,express,Delivered,18/12/2023,12:22:45,18/12/2023,13:56:25,ring bell,WZG-699176
944-5134,standard,Delivered,11/07/2023,14:43:05,12/07/2023,12:35:46,ring bell,XAA-903411
314-7536,standard,Delivered,14/06/2023,09:17:09,15/06/2023,16:52:54,delivery box,XAE-102828
326-0119,standard,Delivered,13/09/2023,13:08:41,14/09/2023,11:08:24,delivery box,XAV-376763
120-8731,next day,Delivered,24/06/2023,07:44:06,24/06/2023,10:24:30,ring bell,XCH-260807
007-0296,standard,Delivered,03/12/2023,07:57:52,02/12/2023,12:02:48,leave infront of door,XCX-930363
717-6570,next day,Delivered,08/09/2023,16:46:26,09/09/2023,14:10:17,ring bell,XDA-499447
306-4622,express,Delivered,03/01/2024,08:32:29,04/01/2024,16:17:05,delivery box,XDR-213863
933-7687,standard,Delivered,07/08/2023,08:42:17,07/08/2023,14:36:21,ring bell,XEJ-219502
829-8200,standard,Delivered,28/06/2023,11:49:44,28/06/2023,14:09:19,leave infront of door,XEM-599971
264-3626,standard,Delivered,09/12/2023,14:56:12,11/12/2023,11:47:25,delivery box,XEM-977722
985-5149,next day,Delivered,13/02/2024,12:32:01,13/02/2024,12:53:31,delivery box,XFK-465296
367-2567,next day,Delivered,04/08/2023,13:49:13,04/08/2023,08:42:41,delivery box,XFL-875345
575-6682,standard,Delivered,14/06/2023,12:56:15,13/06/2023,09:37:18,delivery box,XFS-659825
648-4944,express,Delivered,13/12/2023,09:09:10,13/12/2023,16:36:40,delivery box,XFW-259997
419-3729,express,Delivered,31/01/2024,16:25:15,31/01/2024,10:18:07,delivery box,XGR-596224
963-4628,standard,Delivered,24/09/2023,07:14:29,25/09/2023,12:04:02,ring bell,XGV-978328
239-0639,standard,Delivered,29/07/2023,12:27:33,29/07/2023,08:51:01,leave infront of door,XGX-052332
363-5576,express,Delivered,28/07/2023,11:31:23,29/07/2023,07:44:24,delivery box,XHU-389657
685-4816,standard,Delivered,18/12/2023,13:15:50,18/12/2023,09:54:38,ring bell,XIJ-053216
607-9129,standard,Delivered,22/08/2023,13:55:29,23/08/2023,12:24:54,leave infront of door,XIL-529483
143-2869,express,Delivered,12/03/2024,09:58:08,11/03/2024,15:00:05,delivery box,XIX-642124
102-6072,next day,Out For Delivery,12/03/2024,12:23:05,NA,NA,ring bell,XKL-068241
546-9479,next day,Delivered,09/09/2023,09:25:12,09/09/2023,09:16:51,delivery box,XKV-603116
181-7307,express,Out For Delivery,06/03/2024,16:01:14,NA,NA,ring bell,XLB-855931
084-8853,next day,Delivered,10/10/2023,15:00:07,11/10/2023,14:39:46,leave infront of door,XLE-400929
517-4446,next day,Delivered,31/12/2023,12:09:37,01/01/2024,15:42:22,leave infront of door,XLY-930976
439-7702,express,Delivered,24/12/2023,11:18:10,24/12/2023,12:05:55,leave infront of door,XOE-925260
027-0387,standard,Delivered,07/10/2023,14:21:53,07/10/2023,16:32:33,leave infront of door,XOU-141121
415-4855,express,Delivered,25/12/2023,07:52:51,24/12/2023,07:07:14,leave infront of door,XPC-364186
125-2724,standard,Delivered,31/12/2023,13:25:04,31/12/2023,16:48:24,ring bell,XPG-342411
148-9636,standard,Out For Delivery,01/04/2024,15:38:34,NA,NA,delivery box,XPS-527153
317-0470,next day,In process,01/04/2024,09:48:25,NA,NA,leave infront of door,XQC-630483
216-8840,express,Delivered,13/07/2023,12:22:38,12/07/2023,09:41:26,delivery box,XQG-106530
256-3558,standard,Delivered,29/11/2023,16:28:18,01/12/2023,16:00:05,ring bell,XRJ-127906
734-0979,express,Delivered,17/11/2023,09:48:37,16/11/2023,11:01:29,ring bell,XRY-558007
111-8689,standard,Delivered,16/01/2024,10:36:31,17/01/2024,13:31:10,leave infront of door,XRZ-476892
334-7499,next day,Delivered,07/11/2023,14:15:14,07/11/2023,10:45:29,leave infront of door,XSP-021185
629-7461,express,Delivered,17/12/2023,08:50:46,17/12/2023,10:18:41,leave infront of door,XTH-176881
973-5954,express,Delivered,02/01/2024,11:33:45,03/01/2024,16:29:22,delivery box,XTH-630623
069-7624,standard,Delivered,05/09/2023,13:21:15,07/09/2023,16:20:44,delivery box,XTK-116593
137-7001,express,Delivered,20/01/2024,11:44:40,21/01/2024,09:01:51,ring bell,XTM-356319
425-6287,next day,Delivered,01/07/2023,13:38:57,01/07/2023,13:04:08,delivery box,XTM-849455
422-1758,express,Delivered,11/11/2023,08:20:04,10/11/2023,08:50:13,ring bell,XUD-713939
884-7209,express,Delivered,04/11/2023,09:26:31,04/11/2023,07:05:16,leave infront of door,XVX-325645
555-5087,standard,Delivered,04/08/2023,12:24:21,06/08/2023,15:24:13,ring bell,XWB-780920
959-7352,next day,Delivered,17/11/2023,10:51:07,18/11/2023,14:17:23,ring bell,XWH-568549
989-4143,express,Delivered,24/12/2023,14:26:46,23/12/2023,09:53:55,ring bell,XWN-045767
747-7885,standard,Delivered,08/09/2023,13:18:44,09/09/2023,09:40:42,delivery box,XWW-634817
773-4028,next day,Delivered,01/01/2024,13:39:30,02/01/2024,10:59:32,delivery box,XXO-548378
974-2004,express,Delivered,23/09/2023,10:55:16,23/09/2023,08:35:47,leave infront of door,XXP-694184
848-3083,standard,Delivered,05/01/2024,14:03:06,06/01/2024,08:41:14,leave infront of door,XXY-039671
239-2972,express,Delivered,21/11/2023,10:55:49,22/11/2023,13:06:16,leave infront of door,XYD-501962
504-3266,next day,Delivered,17/03/2024,07:52:05,18/03/2024,15:26:59,delivery box,XYL-089882
706-5894,express,Delivered,12/06/2023,11:11:55,13/06/2023,09:02:26,ring bell,XZR-964096
851-5562,standard,Delivered,08/02/2024,14:47:46,09/02/2024,10:01:25,ring bell,YBC-101991
032-0753,next day,Delivered,23/12/2023,08:57:10,23/12/2023,08:24:00,delivery box,YCI-769293
721-6787,standard,Delivered,29/12/2023,16:30:59,30/12/2023,10:16:41,ring bell,YCO-915762
368-0436,standard,Delivered,31/12/2023,14:49:02,31/12/2023,07:57:35,delivery box,YCQ-463366
122-8932,next day,Delivered,08/10/2023,09:24:00,09/10/2023,14:17:13,leave infront of door,YER-091870
429-5907,standard,Delivered,06/12/2023,07:36:11,08/12/2023,13:35:21,delivery box,YFL-541987
004-5023,next day,Delivered,14/01/2024,09:19:08,14/01/2024,16:14:07,ring bell,YFO-652938
799-9869,standard,Delivered,23/12/2023,11:33:43,22/12/2023,12:14:36,leave infront of door,YGB-710510
429-0524,express,Delivered,24/11/2023,07:19:59,24/11/2023,14:24:49,delivery box,YHF-174628
607-1172,next day,Delivered,04/01/2024,07:39:10,05/01/2024,08:09:53,leave infront of door,YHF-982262
582-7301,next day,Delivered,16/08/2023,12:38:41,16/08/2023,14:34:08,delivery box,YHO-171691
297-5894,next day,Delivered,04/07/2023,15:28:25,05/07/2023,14:21:25,ring bell,YKD-476603
338-2014,express,Delivered,18/06/2023,14:33:55,18/06/2023,09:29:14,ring bell,YKJ-535423
269-0687,next day,Dispatch,09/03/2024,08:28:36,NA,NA,ring bell,YLQ-336533
105-1579,express,Delivered,03/01/2024,13:36:00,02/01/2024,12:41:42,delivery box,YOL-606239
790-5047,next day,Delivered,17/06/2023,08:43:31,17/06/2023,12:05:53,delivery box,YPF-460991
152-5766,express,Delivered,06/09/2023,10:46:50,05/09/2023,12:39:53,leave infront of door,YPT-270177
677-4160,express,Delivered,18/10/2023,11:02:55,17/10/2023,13:43:01,leave infront of door,YQW-859185
347-4704,next day,Delivered,30/06/2023,08:29:30,01/07/2023,13:03:04,ring bell,YRH-975640
139-1409,next day,Delivered,19/07/2023,12:12:02,20/07/2023,11:16:22,leave infront of door,YRK-003985
135-5529,express,Out For Delivery,13/03/2024,16:58:27,NA,NA,delivery box,YRP-581227
617-1192,standard,Delivered,31/10/2023,14:59:04,01/11/2023,16:42:46,leave infront of door,YRS-371629
601-2720,express,Out For Delivery,11/03/2024,12:34:56,NA,NA,ring bell,YRW-144635
047-5156,express,Delivered,08/01/2024,15:08:18,09/01/2024,14:05:48,delivery box,YSG-173821
987-2392,next day,Delivered,22/10/2023,08:26:53,23/10/2023,11:04:01,delivery box,YSN-935281
243-2354,standard,Delivered,25/06/2023,15:38:18,26/06/2023,14:23:53,ring bell,YSV-090205
373-6599,next day,Delivered,18/10/2023,15:00:35,19/10/2023,07:32:46,leave infront of door,YTV-538557
460-7157,standard,Delivered,27/09/2023,15:49:58,29/09/2023,08:25:46,ring bell,YVA-755384
496-9973,standard,Delivered,17/03/2024,13:27:59,18/03/2024,16:59:04,delivery box,YVL-410359
643-6112,next day,Delivered,02/06/2023,12:48:42,03/06/2023,08:04:53,delivery box,YYJ-384702
012-8202,express,Delivered,19/11/2023,14:53:05,20/11/2023,13:44:26,leave infront of door,YYN-168404
841-9099,express,Delivered,07/11/2023,07:04:29,08/11/2023,14:10:23,leave infront of door,YYW-103683
848-1827,standard,Delivered,29/06/2023,09:27:15,29/06/2023,07:16:05,leave infront of door,YZD-222693
612-1212,express,Delivered,07/12/2023,10:37:34,08/12/2023,11:52:55,leave infront of door,YZT-429441
755-6962,next day,Delivered,01/01/2024,07:47:49,02/01/2024,13:55:58,ring bell,ZDL-319995
942-8422,next day,Delivered,29/09/2023,14:41:17,29/09/2023,15:40:54,leave infront of door,ZEY-316770
420-5510,express,Delivered,30/10/2023,07:23:13,30/10/2023,08:40:52,ring bell,ZFG-852573
178-3159,standard,Delivered,23/06/2023,13:39:04,25/06/2023,09:54:03,delivery box,ZFR-590613
246-1981,express,Delivered,08/06/2023,15:29:00,08/06/2023,13:09:57,ring bell,ZGL-402470
402-1739,standard,Delivered,15/02/2024,12:31:43,17/02/2024,14:40:54,delivery box,ZGL-507840
224-0314,express,Delivered,26/12/2023,12:34:16,25/12/2023,09:58:13,leave infront of door,ZHR-155954
973-1753,express,Delivered,24/07/2023,15:10:01,25/07/2023,08:12:28,leave infront of door,ZIQ-881686
719-9055,next day,Delivered,20/12/2023,14:14:19,21/12/2023,11:22:16,ring bell,ZIV-990645
213-4010,express,Dispatch,04/03/2024,13:46:51,NA,NA,delivery box,ZJI-463079
793-1695,express,Delivered,07/03/2024,13:07:38,08/03/2024,15:12:38,leave infront of door,ZKK-621990
858-3991,standard,Delivered,13/06/2023,16:46:45,12/06/2023,16:13:31,leave infront of door,ZKX-207120
501-8168,express,Delivered,03/02/2024,14:02:16,02/02/2024,12:42:40,delivery box,ZLC-040571
986-6050,next day,Delivered,07/06/2023,11:27:39,08/06/2023,16:38:54,leave infront of door,ZLC-465651
324-6010,express,Delivered,11/07/2023,08:10:58,10/07/2023,12:05:13,ring bell,ZLI-031219
434-5873,express,Delivered,20/11/2023,12:50:06,21/11/2023,09:08:55,ring bell,ZNE-291930
527-2235,next day,Delivered,28/10/2023,12:18:22,28/10/2023,14:49:44,ring bell,ZOA-726190
424-7556,next day,Delivered,20/07/2023,09:21:28,21/07/2023,10:07:34,delivery box,ZOD-460303
341-6675,express,Delivered,14/10/2023,15:36:35,14/10/2023,08:18:29,delivery box,ZOH-880763
562-4621,next day,Delivered,10/11/2023,14:31:07,11/11/2023,11:31:04,leave infront of door,ZOJ-233798
666-6868,next day,Delivered,21/02/2024,12:25:47,22/02/2024,10:21:48,ring bell,ZOJ-272868
607-7187,standard,Delivered,30/12/2023,13:38:27,30/12/2023,09:39:44,ring bell,ZPR-496885
453-0067,express,Delivered,26/06/2023,08:35:02,25/06/2023,12:40:58,leave infront of door,ZPX-217044
165-5099,express,Delivered,09/11/2023,13:52:41,09/11/2023,11:16:09,leave infront of door,ZSF-635796
188-0985,next day,Delivered,16/01/2024,08:40:30,17/01/2024,16:36:31,leave infront of door,ZSQ-689091
525-4401,next day,Delivered,27/09/2023,12:43:07,28/09/2023,11:58:56,delivery box,ZTF-052361
522-4641,next day,Delivered,23/09/2023,13:07:17,23/09/2023,08:19:13,ring bell,ZVA-397586
281-3728,standard,Delivered,18/01/2024,13:04:40,17/01/2024,14:14:29,delivery box,ZWO-450386
177-3689,express,Delivered,18/08/2023,13:42:54,18/08/2023,10:24:04,delivery box,ZYA-370498
655-0277,express,Delivered,30/10/2023,15:59:30,30/10/2023,10:33:32,leave infront of door,ZYR-713925
010-5520,next day,Delivered,26/09/2023,08:36:54,26/09/2023,13:03:38,ring bell,ZYX-588610
362-7379,express,Delivered,15/06/2023,09:36:10,16/06/2023,16:54:26,ring bell,ZYY-392775
045-1319,express,Dispatch,17/03/2024,11:21:31,NA,NA,leave infront of door,ZZA-865428
683-7557,express,Delivered,22/06/2023,15:48:00,23/06/2023,16:41:16,delivery box,ZZE-133846
732-0478,standard,Delivered,05/09/2023,08:43:04,04/09/2023,13:17:04,ring bell,ZZT-232655
602-0445,express,Delivered,12/06/2023,13:01:22,13/06/2023,08:51:00,leave infront of door,ZZV-383010