product_id,product_name,product_weight,product_length,product_height,product_width,product_price,supplier_id,category_name
34-100-2931, Unveiled: The Life of a Visionary ,4322,67,35,30,11.62,RSH-48812,Biography
60-215-8627, Learn & Play Alphabet Blocks ,614,24,22,98,30.83,HNW-87364,Educational Toys
10-395-8862, Organic Harvest Bundle ,1942,65,10,30,26.30,QIS-31117,Fresh Produce
84-465-9981, Epochs in Time: A Historical Analysis ,3825,74,73,47,43.25,TJZ-16253,History
51-355-5771, Whispers in the Shadows: Mystery Novel ,471,67,31,87,14.78,OTM-80847,Mystery
65-104-9448, Adventure Explorer Binoculars ,1251,83,87,94,11.59,OPQ-64561,Outdoor Toys
87-786-1343, Cool Breeze Cotton Shorts ,4467,75,100,100,9.27,VFG-49306,Shorts
80-340-6353, Chic & Flowy Midi Skirt ,2987,63,47,56,3.15,EKB-29751,Skirt
50-386-0005, Turbocharged Racing Car Set ,436,68,33,61,41.28,OTM-80847,Toy Vehicles
44-057-1791, Quest for the Lost Treasure Board Game ,1688,67,92,58,14.84,EQB-84696,Board Games
97-311-8960, Morning Bliss Crunchy Granola ,164,83,40,31,35.50,YPN-47544,Cereal
32-232-4159, Tangy Tomato Ketchup ,1973,55,30,96,4.32,GCP-75861,Condiments
71-448-6664, MasterChef Deluxe Cookware Set ,2670,51,53,51,10.16,GID-04163,Cookware Set
02-722-7574, Fashionista Doll with Wardrobe ,1225,51,49,58,24.00,IXF-97753,Dolls
86-211-9441, Precision Chef's Knife Set ,4636,16,100,28,23.70,TBM-08654,Knife Set
93-696-5981, Classic Fit Khaki Pants ,4247,76,67,79,7.74,DYW-51555,Pants
71-358-1219, Empower Yourself: Self-Help Guide ,4592,90,91,55,19.67,DCI-90530,Self-Help
23-247-8369, Pro Swim Performance Goggles ,521,70,31,45,43.03,IGP-67932,Swimming Goggles
52-479-1789, Galactic Odyssey: Sci-Fi Novel ,2377,74,34,43,16.14,CNJ-00328,Science Fiction
28-404-9144, Superhero Squad Action Figures ,4268,35,56,67,13.52,AQE-38137,Action Figures
97-849-4693, Pro Grip Indoor Basketball ,3648,85,68,80,7.58,LHV-89472,Basketball
09-108-5554, Elegant Dining Table Set ,1827,42,46,50,10.44,HKH-19177,Dining Set
68-848-4770, Wireless Noise-Canceling Headphones ,2440,36,31,100,32.02,TLD-13478,Headphones
42-897-0984, High-Performance Ultrabook ,1690,25,87,66,40.35,GBH-62143,Laptop
04-695-5565, Traditional Italian Pasta Sampler ,625,66,96,74,18.88,IZD-61964,Pasta
40-320-8545, Refreshing Citrus Body Wash ,2852,20,44,71,26.46,PAX-60071,Body Wash
71-967-0647, Detoxifying Charcoal Face Mask ,729,21,71,37,20.14,UNO-38474,Facial Mask
52-925-6491, Official NFL Game Football ,3338,68,43,50,5.59,GTK-61272,Football
91-812-5461, RC Off-Road Monster Truck ,1728,72,59,65,20.42,NXM-59086,Remote Control Toys
83-936-4787, Cuddly Plush Teddy Bear ,1378,72,73,86,15.25,IZU-36207,Stuffed Animals
87-817-1114, Broad Spectrum SPF 50 Sunscreen ,591,99,11,4,16.18,PFI-63629,Sunscreen
68-807-7702, 4K Ultra HD Smart TV ,659,11,94,68,35.79,HOP-94983,TV
31-879-2034, High-Speed Power Blender ,2195,59,60,12,35.88,GXY-74226,Blender
36-253-7557, Organic Vegetable Medley ,1958,78,20,9,49.13,TOH-93049,Canned Goods
17-034-5155, Repair & Restore Conditioner ,4181,56,74,2,28.57,GZL-37354,Conditioner
50-933-2934, Elegant Evening Gown ,1966,11,61,36,14.29,CVO-26869,Dress
52-481-2252, Bestseller Mystery Novel ,3989,66,82,49,23.85,SDX-07176,Fiction
95-115-7669, Gentle Micellar Water Makeup Remover ,1245,88,64,99,45.96,JNR-67162,Makeup Remover
62-344-9942, Inspirational Memoirs ,589,54,17,84,7.46,DZZ-27499,Non-Fiction
37-353-0051, Wireless Bluetooth Speaker ,3405,88,90,27,19.40,DXQ-66150,Speaker
74-596-9052, Eco-Friendly Non-Slip Yoga Mat ,3728,64,10,90,22.04,UNS-65990,Yoga Mat
95-690-3184, Rubber-Coated Hex Dumbbell Set ,2218,60,97,59,45.16,RFO-74764,Dumbbells
82-879-8442, Legendary Quest Fantasy Novel ,3096,91,27,91,49.64,LRB-73833,Fantasy
06-429-8278, Signature Scent Eau de Parfum ,1907,61,61,90,32.68,AIJ-94348,Perfume
68-669-7046, All-in-One Wireless Printer ,2077,22,97,96,8.57,ADU-44675,Printer
42-163-9551, Gourmet Trail Mix ,4408,47,26,46,36.57,MMS-72285,Snacks
50-784-5747, Refreshing Fruit Infusion Drink ,2331,94,59,53,46.72,XUE-60028,Beverages
44-663-8767, Chef's Selection Frozen Dinner ,1633,99,49,10,25.78,EFD-03738,Frozen Foods
83-298-2273, Passionate Love Story Novel ,904,78,70,24,8.78,QVC-40306,Romance
51-864-7785, Premium Vanilla Extract ,1800,17,14,86,16.80,JLR-03386,Baking Ingredients
52-845-2835, Creative Construction Block Set ,2355,84,60,84,3.57,OPT-95612,Building Blocks
50-160-7143, Mirrorless Digital Camera Kit ,653,50,74,28,45.60,DPQ-01696,Camera
00-039-6452, Men's Titanium Golf Club Set ,785,56,76,57,7.48,MGF-24847,Golf Clubs
47-300-5792, Hydrating Day Cream ,871,80,54,94,43.89,XXD-34367,Moisturizer
56-639-4120, Classic Oxford Button-Down Shirt ,2571,87,89,47,34.38,OAQ-12039,Shirt
67-806-5227, Edge-of-Your-Seat Thriller Novel ,1944,23,71,87,35.07,DXG-12449,Thriller
63-379-2576, Stainless Steel Countertop Microwave ,1484,40,85,59,7.86,WTY-02512,Microwave
62-923-7406, 1000-Piece Landscape Puzzle ,2799,81,72,83,44.09,QIS-31117,Puzzles
47-438-3089, Premium Basmati Rice ,3554,17,24,61,7.37,GNJ-77162,Rice
61-127-8015, Lightweight Marathon Running Shoes ,2765,40,91,68,2.03,WLF-60187,Running Shoes
13-149-4278, Flagship Android Smartphone ,2956,59,53,42,11.25,YHS-11144,Smartphone
55-154-9849, Programmable Drip Coffee Maker ,2821,34,49,49,20.37,BMN-57582,Coffee Maker
51-163-6534, Powerful 12-Cup Food Processor ,4499,88,93,95,9.01,VSS-70604,Food Processor
17-060-0538, Salon-Quality Hair Gel ,3177,48,45,81,7.13,ZVE-03062,Hair Styling Product
75-458-3853, Waterproof Windbreaker Jacket ,1350,37,10,39,11.49,UTS-23022,Jacket
97-894-2164, Moisturizing Coconut Shampoo ,4785,42,14,87,40.93,TIX-60216,Shampoo
39-155-7466, 10-Inch Android Tablet ,4926,77,89,56,16.52,UEC-55601,Tablet
11-590-2260, Official FIFA Match Soccer Ball ,1260,74,94,2,27.74,FST-60043,Soccer Ball
52-349-4814, Foaming Facial Cleanser ,4881,82,87,92,27.85,EKO-04138,Cleanser
55-853-1910, Digital Rice Cooker with Steamer ,4565,25,46,31,24.98,TUF-56201,Rice Cooker
86-872-8529, Fitness Tracker Smartwatch ,4283,19,56,71,8.51,HIL-40025,Smartwatch
60-472-4555, 2-Slice Stainless Steel Toaster ,1062,75,36,7,21.05,INX-68564,Toaster
45-373-3663, Stationary Exercise Bike with Adjustable Resistance ,1707,48,92,47,18.97,EQB-84696,Exercise Bike
08-999-0202, 8-Quart Electric Pressure Cooker ,4724,74,14,77,5.15,ODY-81832,Pressure Cooker
61-237-7918, Dual-Band WiFi Router ,2421,100,76,64,46.21,JIZ-18863,Router
99-883-3205, Soft Cotton Crewneck T-shirt ,4960,67,73,57,18.19,DSJ-71428,T-shirt
08-304-2729, Cozy Knit Sweater ,501,29,45,51,44.39,KAR-34023,Sweater
32-740-4812, Classic Straight Leg Jeans ,3712,44,59,76,40.57,RIY-73651,Jeans
53-526-0852, Waterproof Winter Coat with Faux Fur Hood ,3235,81,40,98,41.74,LHV-89472,Coat
71-135-3437, Professional Grade Tennis Racket ,1628,99,58,26,8.18,HHD-13927,Tennis Racket
07-181-3204, Chronicles of Courage: The Untold Story ,2578,49,46,86,2.72,GID-04163,Biography
83-896-9843, STEM Explorer Kit ,2877,43,33,39,17.96,SJU-63176,Educational Toys
61-452-6405, Farm-Fresh Veggie Medley ,103,90,10,100,5.91,VMH-49344,Fresh Produce
36-017-1691, Legends of Ancient Civilizations ,879,25,85,99,35.93,FST-60043,History
12-285-6152, The Enigma of Emerald Manor ,750,42,78,75,14.54,KES-54221,Mystery
84-506-7216, Splash 'n' Play Water Gun ,3883,73,14,66,28.22,LZE-58829,Outdoor Toys
89-330-8496, Active Shorts for Every Adventure ,481,47,21,87,22.46,SYW-88646,Shorts
48-209-8487, Floral Delight A-line Skirt ,4922,90,73,39,6.55,YEY-85607,Skirt
51-783-5050, Construction Zone Truck Playset ,1163,93,81,50,24.66,SEZ-83935,Toy Vehicles
83-109-5614, Strategic Conquest: War of Nations ,4442,95,37,60,19.18,SEV-82491,Board Games
62-826-9766, Honey Nut Oat Flakes ,2222,45,18,8,27.37,YBJ-99927,Cereal
72-481-1600, Zesty Mustard Sauce ,1725,29,83,62,12.21,AGX-50399,Condiments
02-854-7835, Gourmet Kitchen Essentials ,3522,62,12,66,8.99,UGG-96895,Cookware Set
89-276-3146, Princess Dream Dollhouse ,2054,55,30,74,10.52,EBS-16554,Dolls
23-384-6715, Japanese Damascus Steel Knife Set ,2390,26,79,62,23.93,VXI-02959,Knife Set
53-279-6187, Athletic Performance Joggers ,4253,15,26,71,31.84,YIA-55574,Pants
09-467-4552, Finding Inner Peace Workbook ,4365,48,59,25,11.58,ZAI-81111,Self-Help
83-855-7429, UV Protection Swim Goggles ,3889,60,40,68,6.71,PTE-20028,Swimming Goggles
99-994-3943, Robots vs. Aliens Epic Series ,2354,98,48,25,29.14,OFH-62408,Science Fiction
63-133-6803, Space Explorer Adventure Figures ,2602,84,29,34,30.11,CHG-84108,Action Figures
54-761-6690, Street Slam Outdoor Basketball ,3888,85,85,100,28.66,SNO-97538,Basketball
41-597-9556, Modern Minimalist Dinnerware Set ,1177,93,19,74,14.46,ENF-83997,Dining Set
84-070-2935, Bass-Boosted Over-Ear Headphones ,1545,67,51,24,34.06,QHY-05728,Headphones
64-928-2811, Convertible Touchscreen Laptop ,3566,89,80,94,29.94,SBV-15121,Laptop
93-138-2604, Gourmet Artisanal Pasta Collection ,940,23,22,46,33.49,GPZ-57357,Pasta
63-772-7529, Soothing Lavender Body Wash ,1986,46,65,19,41.25,SFE-05954,Body Wash
92-244-9042, Hydrating Sheet Mask ,1146,93,71,79,16.52,XQW-57068,Facial Mask
71-351-9744, Junior Training Football ,4077,48,20,99,11.73,CPY-08748,Football
94-859-3628, Drone with HD Camera ,2799,50,79,82,11.93,GOH-94581,Remote Control Toys
18-541-2574, Adorable Stuffed Puppy ,1811,34,74,1,24.36,JWA-20161,Stuffed Animals
60-047-1175, Water-Resistant Sunscreen Spray ,572,17,20,98,3.61,OZD-62864,Sunscreen
56-727-7912, Curved OLED TV ,2316,47,78,72,15.87,QVF-76534,TV
99-803-8766, Personal Smoothie Blender ,1042,48,28,89,23.06,MCW-68710,Blender
80-635-9373, Hearty Chicken Soup ,2111,84,16,16,30.86,NFV-76963,Canned Goods
46-384-5593, Hydrating Argan Oil Conditioner ,1725,20,57,56,8.94,BEB-71231,Conditioner
09-252-7243, Casual Summer Dress ,4095,59,64,28,18.95,YIA-55574,Dress
47-986-3110, Epic Fantasy Saga ,352,68,79,90,34.31,EUK-23106,Fiction
86-221-2194, Oil-Free Eye Makeup Remover ,346,87,89,36,37.33,GQR-21117,Makeup Remover
76-564-6500, Scientific Discovery Chronicles ,1634,55,20,94,12.99,CAJ-39029,Non-Fiction
70-345-5629, Portable Waterproof Speaker ,3089,83,55,2,8.57,UBO-20654,Speaker
32-532-0956, Extra Thick Exercise Mat ,3314,34,81,84,18.40,LHD-56574,Yoga Mat
32-729-0633, Adjustable Weight Dumbbells ,3595,22,57,82,5.08,HEP-79230,Dumbbells
11-922-2177, Enchanted Realm Epic Series ,4848,97,27,45,9.87,EKF-70742,Fantasy
93-188-8421, Fresh Floral Perfume Spray ,1654,63,46,78,4.43,TOB-84848,Perfume
86-089-6844, Compact Laser Printer ,4841,31,75,10,40.93,VLE-86476,Printer
44-774-3967, Protein-Packed Energy Bars ,3480,56,54,88,27.63,RSH-48812,Snacks
00-940-2361, Classic Roast Coffee Blend ,2718,50,67,81,24.54,XRJ-01433,Beverages
42-904-6239, Organic Frozen Berries ,1363,63,30,86,47.10,WAW-84280,Frozen Foods
33-201-3685, Heartfelt Romance Saga ,102,81,58,63,6.36,LJW-39512,Romance
60-404-7374, Artisanal Chocolate Chips ,231,51,94,50,35.23,GCM-86811,Baking Ingredients
09-651-6312, Big Building Bricks for Little Hands ,754,20,73,95,38.27,RTQ-24471,Building Blocks
29-244-0977, Compact Point-and-Shoot Camera ,2202,100,59,74,31.11,QPM-83723,Camera
71-418-9426, Women's Lightweight Golf Clubs ,4900,82,28,49,9.17,KVA-11096,Golf Clubs
82-041-7676, Revitalizing Night Moisturizer ,3847,61,36,85,38.56,GED-87205,Moisturizer
55-165-2136, Casual V-Neck Tee ,4834,80,46,67,2.79,UFN-67001,Shirt
29-096-2247, Heart-Pounding Suspense Series ,3633,99,20,84,4.28,PDK-34116,Thriller
80-170-3703, Compact Microwave Oven ,1699,99,94,47,12.46,BNH-12578,Microwave
33-939-1022, Wooden Brain Teaser Puzzle ,3330,87,40,43,13.20,NTH-28635,Puzzles
58-057-8966, Wild Rice Blend ,3776,10,61,36,49.46,OCW-14845,Rice
35-813-2768, Trail Running Sneakers ,753,56,61,41,21.65,MXQ-04910,Running Shoes
79-403-6754, iPhone Pro Max ,2188,18,62,61,22.91,BTB-80423,Smartphone
77-250-9354, Espresso Machine with Frother ,716,52,35,49,42.21,JYX-13696,Coffee Maker
25-040-8775, Mini Food Chopper ,2075,63,45,60,11.71,NBS-61684,Food Processor
09-655-7992, Argan Oil Hair Serum ,2611,74,25,1,26.96,FMN-49474,Hair Styling Product
49-136-3149, Insulated Ski Jacket ,1877,21,36,24,15.29,UNS-65990,Jacket
88-395-4539, Volumizing Biotin Shampoo ,3378,84,44,41,39.67,VFG-49306,Shampoo
94-527-8388, iPad Pro with Apple Pencil ,203,83,85,16,24.48,CVH-11657,Tablet
92-872-3947, Youth Training Soccer Ball ,1236,57,35,80,6.73,CHF-06018,Soccer Ball
22-923-3025, Gentle Daily Cleansing Milk ,3473,21,73,81,15.55,VSS-70604,Cleanser
87-831-5266, Small Rice Cooker for Dorms ,3644,59,93,5,18.75,GED-87205,Rice Cooker
22-112-0673, GPS Sport Watch ,2911,55,76,70,32.14,XAW-22403,Smartwatch
63-682-0223, Retro Style Toaster with Wide Slots ,1716,81,49,24,38.27,VPD-51386,Toaster
29-368-7662, Foldable Upright Bike ,832,46,82,51,33.17,XGR-38310,Exercise Bike
12-729-6247, Stainless Steel Stovetop Pressure Cooker ,4050,86,52,58,16.92,GUU-33521,Pressure Cooker
14-423-2681, Mesh Network Router System ,2147,77,30,76,45.11,TIA-99840,Router
96-000-2431, Graphic Tee with Vintage Design ,2391,89,74,45,15.98,HZT-89052,T-shirt
34-903-5924, Cable-Knit Pullover Sweater ,4848,51,64,18,40.82,BBC-31890,Sweater
06-577-9672, Skinny Fit Stretch Jeans ,1045,91,49,14,4.30,FMN-49474,Jeans
68-605-9700, Trench Coat with Belt ,2181,49,26,67,29.67,CUP-91912,Coat
37-384-5262, Beginner Tennis Racquet ,1408,79,64,71,40.15,JYA-26509,Tennis Racket
87-867-8409, Journey of a Legend: A Biography ,759,19,86,38,2.64,BSE-93480,Biography
81-331-4946, Math Magic Puzzle Set ,4361,62,46,56,34.71,OHW-50431,Educational Toys
98-633-2758, Sun-Kissed Fruit Basket ,2106,52,57,40,45.35,CAJ-39029,Fresh Produce
24-323-4869, Chronicles of World Wars ,4212,30,34,61,41.55,RTQ-24471,History
12-412-3892, Secrets Unveiled: Detective Story ,1392,49,44,23,45.06,ABX-09660,Mystery
66-102-7445, Flying Disc Ultimate Frisbee ,1581,24,46,97,2.47,URH-96395,Outdoor Toys
65-254-5521, Comfy Lounge Shorts ,1639,35,34,50,14.18,WAW-84280,Shorts
56-386-8288, Twirl-Worthy Pleated Skirt ,968,97,73,37,29.23,TVO-34850,Skirt
13-472-2481, Miniature City Police Car ,3843,84,91,17,34.43,WLR-17641,Toy Vehicles
25-623-6813, Mystic Realm Adventure Game ,2413,25,24,64,27.91,CVO-26869,Board Games
92-150-3476, Chocolate Blast Cereal ,2616,72,37,65,36.67,CWR-76376,Cereal
80-091-8007, Spicy Jalapeno Relish ,1229,36,92,80,11.97,CED-55064,Condiments
99-674-7142, Professional Grade Nonstick Pots and Pans ,1473,45,84,7,49.59,ZVJ-95722,Cookware Set
42-665-9904, Adorable Baby Doll Collection ,3590,73,89,39,32.78,AJE-93657,Dolls
06-790-0505, Ergonomic Grip Steak Knife Set ,1353,58,30,1,19.38,XRJ-01433,Knife Set
62-568-9444, Slim Fit Denim Jeans ,2656,44,57,2,6.73,NCX-07377,Pants
16-113-8913, Mindfulness Meditation Journal ,4594,73,34,48,28.11,UOA-33680,Self-Help
21-467-4867, Anti-Fog Racing Goggles ,3912,81,83,5,13.11,RUB-76105,Swimming Goggles
89-414-5305, Time Travel Chronicles ,4617,100,83,31,36.14,JWI-88402,Science Fiction
04-764-3487, Ninja Warriors Action Figure Set ,415,25,92,79,31.90,CSH-31712,Action Figures
87-414-9382, Youth Training Basketball ,1294,36,83,38,22.23,MAH-74237,Basketball
01-876-4818, Rustic Farmhouse Dining Collection ,835,24,73,37,44.75,ONB-54454,Dining Set
33-410-0196, Sleek In-Ear Sport Headphones ,4213,30,17,13,7.96,HLE-76134,Headphones
69-018-2436, Gaming Powerhouse Laptop ,991,87,11,74,4.01,IMF-96744,Laptop
70-901-4482, Gluten-Free Penne Pasta ,1834,70,87,95,3.64,GFR-24144,Pasta
48-431-6471, Hydrating Coconut Body Wash ,1723,15,87,4,42.02,XXQ-56244,Body Wash
41-743-4040, Exfoliating Clay Mask ,3891,13,27,46,36.66,ZDT-70972,Facial Mask
18-193-5154, Vintage Leather Football ,2577,32,77,25,28.94,WEQ-74496,Football
08-834-8545, RC Speedboat Racing Set ,1845,73,69,26,38.50,GFA-88029,Remote Control Toys
64-658-6676, Giant Huggable Unicorn ,1564,80,12,51,10.51,JPS-27395,Stuffed Animals
40-767-1323, Sensitive Skin Sunscreen Lotion ,1966,45,73,71,42.78,XOD-46030,Sunscreen
58-531-1821, 65-Inch Home Theater Display ,2799,59,36,96,13.29,AAD-79369,TV
81-046-6342, Professional Grade Blender ,2783,49,80,71,24.53,HBY-53595,Blender
76-486-8534, Sweet Corn Kernel Can ,4394,45,53,56,24.25,FAQ-21904,Canned Goods
37-298-3743, Color Protect Conditioner ,2126,69,49,78,26.49,PUK-11493,Conditioner
29-768-5296, Chic Little Black Dress ,2015,25,59,62,19.92,AAV-28634,Dress
85-279-1314, Romantic Drama Fiction ,4843,98,75,48,1.95,XAP-88868,Fiction
74-877-3959, Makeup Removing Cleansing Wipes ,795,16,90,26,14.28,XQW-57068,Makeup Remover
75-812-8157, Historical Biography Series ,3996,61,45,68,5.76,FMN-49474,Non-Fiction
32-896-6710, Hi-Fi Surround Sound Speaker ,3669,99,19,18,6.50,QVC-40306,Speaker
69-770-5691, Travel-Friendly Foldable Yoga Mat ,3322,41,99,53,40.84,JYA-26509,Yoga Mat
66-484-6519, Neoprene Hand Weight Set ,1865,19,54,80,40.41,QIL-00730,Dumbbells
06-451-8231, Dragons & Wizards Adventure ,1875,96,56,35,1.20,FTC-60919,Fantasy
89-008-8811, Sensual Musk Perfume Oil ,4400,46,84,12,36.04,TBQ-08847,Perfume
18-584-8160, Photo Printer with LCD Display ,2110,53,55,61,13.11,ILN-97724,Printer
06-377-3616, Healthy Veggie Chips ,179,90,30,15,25.64,YMD-05576,Snacks
78-345-5609, Sparkling Natural Mineral Water ,3974,49,42,94,19.22,REE-28404,Beverages
10-681-6417, Family-Size Frozen Pizza ,2366,23,78,67,36.66,BZK-85001,Frozen Foods
62-156-2167, Swoon-Worthy Romantic Comedy ,3230,54,53,26,46.10,ZOC-68682,Romance
38-322-2938, Organic Whole Wheat Flour ,1342,47,32,21,48.60,QQC-50768,Baking Ingredients
79-655-9737, STEM Learning Building Blocks ,1127,65,28,84,28.78,ZZK-48471,Building Blocks
99-293-0174, Professional DSLR Camera ,3990,73,37,31,16.43,PES-24879,Camera
07-407-8266, Junior Golf Starter Set ,1037,66,61,85,1.74,MHD-20890,Golf Clubs
76-365-0172, SPF 30 Daily Moisturizer ,2159,42,46,79,38.69,BZK-85001,Moisturizer
71-851-1563, Plaid Flannel Shirt ,842,22,15,63,29.53,PCF-57029,Shirt
14-712-4363, Gripping Crime Thriller ,559,83,45,63,32.35,WEQ-74496,Thriller
38-466-8515, Family-Size Microwave with Sensor Cooking ,1239,80,76,12,20.62,TXB-71225,Microwave
39-647-4050, Kids Educational Jigsaw Puzzle ,3430,53,37,41,23.95,AIZ-59830,Puzzles
93-085-3402, Organic Brown Rice ,1911,15,90,12,8.31,BEY-02530,Rice
22-829-4607, Cushioned Jogging Shoes ,225,80,23,98,25.28,ZJL-21266,Running Shoes
01-587-5587, Budget-Friendly Smartphone ,1624,79,96,70,14.62,TPU-97065,Smartphone
90-666-4404, Single-Serve Pod Coffee Brewer ,3346,12,57,41,31.24,OAQ-12039,Coffee Maker
34-123-8638, Vegetable Spiralizer ,714,39,30,63,14.41,CWR-76376,Food Processor
78-788-1626, Texturizing Sea Salt Spray ,4289,98,44,83,15.39,QFH-36402,Hair Styling Product
10-728-7505, Stylish Leather Moto Jacket ,2565,23,80,26,33.98,TAJ-87192,Jacket
85-883-0273, Clarifying Tea Tree Shampoo ,3782,89,65,90,33.03,REE-28404,Shampoo
46-290-7950, Kids Educational Tablet ,4969,58,59,46,15.68,XKZ-86857,Tablet
51-365-6377, Mini Soccer Ball for Skills Practice ,2938,36,16,83,6.81,IZV-38568,Soccer Ball
44-270-9009, Acne-Fighting Salicylic Acid Cleanser ,1431,65,67,77,46.58,TUF-56201,Cleanser
29-497-5703, Multi-Function Rice Cooker ,3698,23,71,48,40.34,HEP-79230,Rice Cooker
48-499-9808, Fashionable Touchscreen Smartwatch ,4709,77,90,40,7.22,SCP-84025,Smartwatch
94-931-6133, Digital Countdown Toaster Oven ,3730,42,94,54,20.67,CUI-37325,Toaster
09-561-0117, Recumbent Exercise Bicycle ,651,94,43,27,43.18,ZTV-04417,Exercise Bike
46-242-1736, Multifunctional Instant Pot ,4927,20,16,42,14.26,SIZ-83621,Pressure Cooker
87-383-8756, Gigabit Ethernet Router ,1703,26,29,83,36.67,ZJL-21266,Router
18-595-2486, Performance Workout T-shirt ,4832,31,34,91,32.90,THT-97316,T-shirt
74-438-6408, Cashmere Blend V-Neck Sweater ,1056,24,69,77,38.30,TWF-48592,Sweater
94-291-1218, Relaxed Fit Denim Jeans ,2898,28,49,64,23.12,RZU-35525,Jeans
00-064-2295, Quilted Puffer Jacket ,4575,55,11,91,31.03,JRN-48431,Coat
65-778-0355, Kids Junior Tennis Racket ,678,62,79,67,39.13,APX-45523,Tennis Racket
51-025-6238, Uncovered Secrets: The Untold Story ,2156,53,73,18,9.49,INU-80488,Biography
20-323-4061, Artistic Creations Building Set ,3286,98,11,80,17.45,SJW-84334,Educational Toys
92-488-4205, Farmers' Market Bounty Box ,4021,37,32,13,32.13,WTG-65099,Fresh Produce
74-241-1555, Echoes of Ancient Times: Historical Revelations ,4628,95,35,10,21.93,IZV-38568,History
08-464-1767, Shadows of Suspicion: Mystery Unraveled ,2166,38,65,49,19.90,DEK-29590,Mystery
24-187-6879, Adventurer's Exploration Kit ,1883,48,100,49,39.54,DPJ-40097,Outdoor Toys
76-046-2056, Breezy Beachwear Shorts ,1961,43,42,31,36.16,HNW-87364,Shorts
57-941-2111, Bohemian Dream Maxi Skirt ,744,16,39,12,15.06,LKC-05662,Skirt
94-059-9376, Speedster Turbo Race Car ,4878,30,59,55,33.49,QRC-06066,Toy Vehicles
21-511-6596, Mind-Bending Puzzle Quest ,1537,20,18,91,47.36,ZAO-16420,Board Games
14-463-4219, Nutty Crunch Granola Clusters ,3201,10,60,100,5.54,CQB-22924,Cereal
20-052-1917, Fiery Habanero Hot Sauce ,2292,87,91,80,11.72,LQP-51382,Condiments
43-612-9451, Chef's Signature Stainless Steel Collection ,1036,72,65,95,12.30,UNT-28877,Cookware Set
56-402-6081, Fashionista Glam Doll Collection ,4394,36,37,9,39.22,BTS-59705,Dolls
22-956-4056, Sushi Master's Precision Knife Set ,4142,74,94,63,16.12,VEP-08156,Knife Set
04-338-7178, Cargo Explorer Outdoor Pants ,132,92,55,43,3.73,XBT-04439,Pants
52-652-1679, Empowerment Handbook for Success ,2151,35,54,97,31.40,APX-45523,Self-Help
20-220-6206, Professional Triathlon Swim Goggles ,4176,21,33,99,47.13,CTL-39197,Swimming Goggles
51-303-4344, Galactic Wars Epic Novel Series ,1492,77,40,5,24.83,ETV-78481,Science Fiction
72-583-0270, Supercharged Superhero Action Figures ,2056,29,74,58,18.35,QRN-60296,Action Figures
44-532-6617, Pro Slam Dunk Basketball ,4757,95,17,53,38.54,ECE-17389,Basketball
08-724-0599, Elegant Formal Dinnerware Collection ,3523,55,83,76,37.17,EKO-04138,Dining Set
80-994-3188, Studio-Quality Over-Ear Headphones ,3437,95,90,96,5.45,PBC-87471,Headphones
78-646-8928, Business Professional Ultrabook ,3985,18,34,95,39.58,QMW-28256,Laptop
42-811-3974, Artisanal Hand-Crafted Pasta Collection ,4054,86,84,54,45.55,RFH-32172,Pasta
72-217-8555, Invigorating Mint Body Wash ,1006,92,46,63,41.22,KIP-28060,Body Wash
58-573-0727, Hydrating Honey Avocado Face Mask ,1820,24,46,66,9.02,PPJ-98621,Facial Mask
32-456-1132, Official NFL Super Grip Football ,4694,93,27,22,49.34,XAW-22403,Football
87-117-1194, Off-Road Desert Buggy RC Car ,1081,64,14,22,16.61,AEY-07809,Remote Control Toys
17-479-7792, Magical Unicorn Plush Toy ,3668,63,72,31,32.03,IZV-38568,Stuffed Animals
87-749-5656, Mineral-Based SPF 50 Sunscreen ,3001,10,34,9,47.25,PGM-12096,Sunscreen
41-328-7745, Smart LED 4K UHD TV with Dolby Vision ,2107,63,93,21,31.39,MRR-16499,TV
80-112-3726, Nutrient Extraction Pro Blender ,3683,66,12,42,19.53,ZJO-84477,Blender
90-105-1563, Hearty Vegetable Soup in a Can ,1087,100,41,76,22.45,ILQ-93007,Canned Goods
35-357-1938, Moisture-Rich Argan Oil Conditioner ,1285,74,92,85,31.96,PPS-01549,Conditioner
89-597-8122, Bohemian Floral Maxi Dress ,3984,64,100,61,2.25,OAG-24166,Dress
44-864-9896, Epic High-Fantasy Adventure Novel ,1326,78,45,88,49.14,UPV-55721,Fiction
08-100-0817, Gentle Micellar Water Makeup Remover ,3806,68,49,81,22.22,VEP-08156,Makeup Remover
32-482-2312, Thought-Provoking Essays Collection ,4961,71,45,23,38.53,HJT-58068,Non-Fiction
67-663-8561, Wireless Bluetooth Waterproof Speaker ,1271,84,54,44,36.41,MCW-68710,Speaker
77-396-1355, Eco-Friendly Cork Yoga Mat ,1960,89,77,31,7.64,YTO-53237,Yoga Mat
60-629-3357, Adjustable Dumbbell Set with Weight Plates ,2238,68,30,1,26.29,IFN-87808,Dumbbells
31-656-9075, Epic Quests and Magical Realms Anthology ,4234,95,93,96,33.85,QAI-36450,Fantasy
93-122-0568, Romantic Rose Petal Eau de Parfum ,3875,44,36,49,3.20,TNH-74352,Perfume
69-449-1761, Portable Smartphone Photo Printer ,1859,69,57,23,19.32,IIN-21855,Printer
47-386-6141, Savory Sriracha Seaweed Snack ,746,50,41,91,24.80,UFX-34604,Snacks
46-762-1189, Exotic Dragonfruit Infused Sparkling Water ,3614,24,82,93,20.86,SDX-07176,Beverages
31-206-7727, Spicy Thai Basil Chicken Stir-Fry ,3680,69,98,39,43.98,MUD-95778,Frozen Foods
90-967-1463, Passionate Hearts Romance Novel ,4419,56,55,30,49.53,NTH-28635,Romance
96-898-6534, Pure Madagascar Vanilla Bean Paste ,2659,11,16,47,1.39,AUH-26547,Baking Ingredients
85-162-7790, Magnetic Building Tiles Set ,1018,27,30,98,6.06,ZVE-03062,Building Blocks
56-360-9357, Compact Waterproof Action Camera ,3392,66,54,89,7.30,HEP-79230,Camera
00-777-6242, Forged Blade Irons Golf Club Set ,2017,25,39,74,46.54,VAR-44371,Golf Clubs
53-357-6116, Nourishing Rosehip and Hibiscus Face Moisturizer ,4977,83,87,3,27.79,XMB-53386,Moisturizer
36-065-5768, Vintage Graphic Print T-Shirt ,2858,44,85,46,4.47,RSH-48812,Shirt
82-600-5466, Heart-Pounding Psychological Thriller Novel ,122,69,72,24,6.52,AIZ-59830,Thriller
88-478-2068, Compact Countertop Microwave Oven ,2091,58,63,26,47.90,SYW-88646,Microwave
26-969-2460, 1000-Piece Famous Landmarks Jigsaw Puzzle ,288,33,97,78,10.46,XRO-70763,Puzzles
05-283-6501, Jasmine Fragrant Thai Rice ,2273,75,12,41,13.83,GNJ-77162,Rice
25-743-5797, Lightweight Marathon Racing Shoes ,2451,54,28,66,14.48,DEK-29590,Running Shoes
10-694-9762, Flagship Killer Premium Smartphone ,2424,50,29,45,44.61,WOT-88847,Smartphone
71-072-5327, Espresso Cappuccino Latte Machine ,4920,44,27,51,49.34,VEB-99524,Coffee Maker
95-279-3687, High-Powered Blender Food Processor Combo ,4732,71,51,61,39.54,IZD-61964,Food Processor
15-497-2484, Flexible Hold Texturizing Hair Spray ,3036,74,100,91,32.03,ZLK-64491,Hair Styling Product
24-097-5866, Waterproof Windbreaker Shell Jacket ,3252,53,66,12,44.88,XWY-60175,Jacket
81-430-7703, Clarifying Apple Cider Vinegar Shampoo ,2404,42,54,40,19.54,HOP-94983,Shampoo
12-973-7202, Convertible Laptop Tablet Hybrid ,3384,61,98,27,41.77,EZI-27822,Tablet
69-975-9572, Official FIFA World Cup Replica Soccer Ball ,4557,76,64,6,31.97,LHV-89472,Soccer Ball
82-523-9160, Foaming Aloe Vera Gel Face Cleanser ,4023,89,26,94,17.34,IEU-45798,Cleanser
28-713-7563, Multi-Function Digital Rice Cooker and Steamer ,3770,50,77,11,4.04,APX-45523,Rice Cooker
01-111-5528, Fitness Tracker GPS Smartwatch ,1384,72,68,91,4.78,IJZ-94286,Smartwatch
18-751-1861, Stainless Steel 4-Slice Wide Slot Toaster ,2449,51,44,100,46.84,POY-46334,Toaster
68-965-2883, Indoor Cycling Spin Bike with LCD Monitor ,3629,29,74,37,9.91,HSM-08487,Exercise Bike
78-226-0746, Digital Programmable Electric Pressure Cooker ,859,87,55,12,44.81,LDV-11854,Pressure Cooker
28-101-1484, Dual-Band WiFi Mesh Router System ,3615,43,17,3,9.45,FSY-18396,Router
83-757-0080, Graphic Print Retro Vintage T-Shirt ,3670,90,35,51,15.13,WEK-35051,T-shirt
65-589-6508, Chunky Cable Knit Oversized Sweater ,4935,91,32,67,1.51,VDP-32400,Sweater
08-566-1525, Classic Straight Leg Dark Wash Jeans ,1390,87,94,73,39.39,GFR-24144,Jeans
62-675-6608, Wool Blend Double-Breasted Peacoat ,1450,80,48,56,13.32,MUX-93065,Coat
79-389-5613, Carbon Fiber Professional Tennis Racket ,3463,69,91,98,40.13,RVG-75608,Tennis Racket
07-744-2030, Memoirs of a Trailblazer ,1908,39,25,10,1.98,KSC-38540,Biography
79-763-3704, Math Masters Puzzle Kit ,4035,81,56,32,24.83,MHH-37531,Educational Toys
82-070-3982, Locally Grown Organic Harvest ,1792,22,51,90,42.50,ZRU-38957,Fresh Produce
38-842-1342, Tales of Forgotten Heroes ,4561,60,91,24,40.69,GUU-33521,History
33-448-1950, Whispers in the Night: Enigmatic Tales ,4278,63,69,40,41.09,HTZ-06493,Mystery
83-908-2922, Backyard Safari Discovery Set ,1451,42,25,10,39.73,DXX-68717,Outdoor Toys
90-967-2054, Adventure-ready Cargo Shorts ,2627,53,39,83,38.30,FGA-77393,Shorts
88-132-9067, Vintage Floral Print Midi Skirt ,2972,77,10,10,27.04,VXH-89876,Skirt
32-309-2457, Off-Road Adventure Monster Truck ,673,36,73,6,8.66,TUR-63876,Toy Vehicles
63-150-6353, Strategy Masters War Game ,1646,81,68,23,43.56,OAQ-12039,Board Games
61-447-5460, Berry Blast Breakfast Flakes ,4249,97,56,58,35.06,SKJ-82077,Cereal
93-813-6806, Tangy Mango Chili Chutney ,449,51,43,8,22.77,SKU-44324,Condiments
76-222-6907, Culinary Connoisseur's Copper Cookware ,2742,50,58,75,5.83,MGF-24847,Cookware Set
00-508-2360, Princess Palace Dream Dollhouse ,1068,24,50,89,22.16,WZM-91055,Dolls
11-736-1055, Gourmet Steakhouse Knife Collection ,3000,85,83,9,11.71,IBG-69395,Knife Set
72-615-3589, Yoga Enthusiast's Athletic Leggings ,4407,28,49,44,1.47,HTZ-06493,Pants
69-950-3943, Mindfulness Meditation Guide ,4841,66,75,10,35.59,AJX-69512,Self-Help
88-355-3132, Kids' Underwater Adventure Goggles ,1823,77,33,88,34.65,IIN-21855,Swimming Goggles
17-976-5960, Cybernetic Chronicles Trilogy ,4989,58,47,30,16.21,QQF-31768,Science Fiction
16-017-0808, Battlefield Commando Action Figure Set ,2150,31,51,56,20.58,VPD-51386,Action Figures
12-264-5304, Street Hustler Basketball ,4996,74,51,6,44.05,CBB-12953,Basketball
33-162-0979, Retro Vintage Dining Set ,4808,62,26,81,46.07,JSV-78438,Dining Set
67-200-7827, Wireless Bluetooth Earbuds ,2881,60,12,75,23.76,VMH-49344,Headphones
92-191-3051, Convertible Tablet-Laptop Hybrid ,583,100,50,19,13.68,CWO-85587,Laptop
41-066-9136, Exotic Italian Pasta Sampler ,3264,18,94,82,10.60,XQB-65985,Pasta
15-759-9227, Calming Lavender Body Wash ,1184,11,61,63,38.87,UDK-69700,Body Wash
73-319-7506, Purifying Clay Detox Mask ,3650,70,41,31,27.35,BJN-22051,Facial Mask
60-285-3062, Soccer-Inspired Football ,2790,49,31,65,34.84,AZR-47455,Football
66-172-5155, Aerial Stunt Drone with HD Camera ,4826,16,83,21,16.67,BUE-56025,Remote Control Toys
33-671-5520, Soft and Cuddly Teddy Bear ,3340,87,75,72,12.35,IQN-04659,Stuffed Animals
63-429-3981, Kids' Water-Resistant Sunscreen Lotion ,3075,37,53,58,8.71,CXH-75755,Sunscreen
01-785-5713, Curved Ultra-Wide Gaming Monitor ,4663,28,81,60,47.48,YSL-23521,TV
84-172-2801, Personal Portable Smoothie Blender ,227,61,84,74,50.00,FSY-18396,Blender
37-437-7179, Premium Italian Pasta Sauce ,2394,30,27,45,45.69,TAF-89436,Canned Goods
98-762-5682, Volumizing Bamboo Extract Conditioner ,254,28,44,68,37.81,GSO-51404,Conditioner
31-597-8346, Elegant Lace Cocktail Dress ,4514,63,18,54,13.87,JBQ-01841,Dress
07-347-7622, Intriguing Psychological Thriller ,3739,13,83,63,36.11,MSQ-94225,Fiction
09-893-0868, Hydrating Coconut Oil Makeup Remover ,1004,57,76,74,21.34,HQH-43629,Makeup Remover
24-054-3805, Inspirational Biographies Compilation ,1167,19,55,90,25.30,FEU-59618,Non-Fiction
41-021-1135, Portable Mini Pocket Speaker ,4266,61,17,92,8.90,SSO-68098,Speaker
23-877-6958, Luxurious Velvet Pilates Mat ,4137,90,19,70,8.37,XBT-04439,Yoga Mat
75-663-4897, Neoprene Coated Hex Dumbbells ,3965,96,91,94,30.23,RCO-72629,Dumbbells
73-305-6433, Dragon Rider Chronicles Trilogy ,459,92,72,15,38.96,KLO-60183,Fantasy
04-337-2891, Mystical Woods Sensual Perfume Oil ,1646,64,35,29,38.60,YYB-63675,Perfume
32-560-6530, Professional Wide-Format Inkjet Printer ,673,26,82,6,5.12,ZVB-49460,Printer
27-238-4051, Zesty Jalapeno Popcorn Clusters ,2397,23,83,74,38.29,NEY-50005,Snacks
11-528-1672, Citrus Splash Energy Drink ,1418,93,89,11,16.66,LWJ-37200,Beverages
58-553-3829, Vegetarian Cauliflower Tikka Masala ,1638,40,92,86,20.10,QVC-40306,Frozen Foods
35-021-8505, Whispers of Love: Romantic Poetry Collection ,3111,87,52,14,35.57,SKJ-82077,Romance
04-399-5905, Artisanal Dutch-Processed Cocoa Powder ,4832,88,10,22,42.33,IWU-87201,Baking Ingredients
41-354-6239, Rainbow Wooden Building Blocks ,4630,55,10,17,29.70,RVJ-86378,Building Blocks
25-250-5027, Professional Cinematic DSLR Camera Kit ,3030,96,71,63,39.77,ZYJ-86965,Camera
43-270-8633, Hybrid Fairway Woods Golf Club Set ,2147,82,91,4,1.22,QQM-21559,Golf Clubs
48-174-4795, Vitamin C Brightening Daily Facial Moisturizer ,1461,56,88,17,27.86,EFD-03738,Moisturizer
28-848-5368, Classic Striped Oxford Button-Down Shirt ,3487,38,61,44,3.21,TAJ-87192,Shirt
14-130-9078, Twisted Plot Thriller Mystery ,4656,90,46,82,3.40,IYD-97957,Thriller
29-609-8516, Over-the-Range Convection Microwave ,1289,29,80,46,46.15,SPE-70907,Microwave
53-085-2967, Wooden Brain Teaser Puzzle Set ,4125,57,51,47,31.21,NOD-46381,Puzzles
25-775-6567, Basmati Long Grain Indian Rice ,981,72,17,35,22.81,OUD-89946,Rice
61-804-5522, Trail-Ready Waterproof Hiking Shoes ,837,63,49,40,24.31,GXH-03256,Running Shoes
71-514-3306, Foldable Dual-Screen Smartphone ,3952,21,45,5,6.17,QEX-62385,Smartphone
31-158-4715, Single Serve Pod Coffee Brewer ,1236,86,53,62,25.14,PBC-87471,Coffee Maker
11-995-8260, Mini Food Chopper Processor ,4488,37,12,63,40.76,VQM-45848,Food Processor
31-302-8931, Volumizing Mousse for Fine Hair ,3326,13,68,76,47.31,QAI-36450,Hair Styling Product
93-389-3317, Down Insulated Puffer Jacket ,4643,30,31,32,25.84,QHY-05728,Jacket
00-495-2744, Moisturizing Argan Oil Shampoo ,1711,46,55,5,31.70,FWA-95697,Shampoo
92-903-1283, Kids' Educational Learning Tablet ,3829,32,29,30,39.47,QQC-50768,Tablet
41-335-3207, Youth Training Soccer Ball Set ,2487,63,18,78,40.56,BQN-43034,Soccer Ball
26-126-8637, Clarifying Salicylic Acid Acne Cleanser ,4724,34,38,42,35.78,NCF-62501,Cleanser
03-561-7021, Compact Mini Rice Cooker for One ,2726,44,27,93,41.58,HNW-87364,Rice Cooker
65-520-1327, Elegant Rose Gold Fashion Smartwatch ,306,44,37,11,37.69,OAQ-12039,Smartwatch
43-429-3442, Retro Vintage Style Toaster ,3059,36,31,46,7.26,YOC-81290,Toaster
99-816-6779, Upright Magnetic Resistance Exercise Bike ,3445,55,69,99,3.23,ODT-92610,Exercise Bike
12-873-1718, Stovetop Stainless Steel Pressure Cooker ,3113,17,85,60,13.72,VMH-49344,Pressure Cooker
79-049-0848, Gigabit Ethernet Gaming Router ,121,54,80,54,48.25,HNH-13624,Router
13-821-9430, Tie-Dye Bohemian Hippie T-Shirt ,3004,41,98,66,2.07,AXG-41136,T-shirt
56-289-7921, Cashmere Wool Blend Turtleneck Sweater ,305,90,54,37,23.45,ZJO-84477,Sweater
49-203-9694, Distressed Ripped Skinny Jeans ,4734,21,64,8,18.37,AUH-26547,Jeans
91-657-6963, Quilted Puffer Parka Winter Coat ,1649,53,88,23,39.65,ZYL-43757,Coat
75-021-9888, Beginner Tennis Racket Set with Balls ,588,65,14,51,7.85,KFU-33737,Tennis Racket
41-772-6262, Rebel with a Cause: Biography ,909,44,23,15,15.65,ZPD-11651,Biography
23-751-6520, Science Wiz Discovery Kit ,2922,31,11,17,16.71,JZA-43499,Educational Toys
45-598-2854, Sun-Ripened Fruit Delight ,562,54,57,54,23.11,RDW-09693,Fresh Produce
36-900-2731, Legends Lost and Found ,1886,84,61,17,11.92,JLR-03386,History
32-473-2526, Secrets of the Cryptic Manor ,4114,14,57,98,23.66,TDE-13164,Mystery
59-048-2538, Thrill Seeker's Outdoor Gear ,4143,86,18,45,38.38,IKG-20924,Outdoor Toys
04-383-5009, Urban Explorer Utility Shorts ,335,70,16,85,17.21,FCP-20383,Shorts
70-312-2856, Sassy and Sophisticated Pencil Skirt ,1285,76,51,8,29.21,IZU-36207,Skirt
50-596-4877, Futuristic Space Cruiser ,1568,34,27,32,25.51,WBI-26507,Toy Vehicles
82-032-2395, Fantasy Adventure Quest Board Game ,2409,82,36,73,23.19,QEX-62385,Board Games
84-485-2658, Maple Cinnamon Oat Crunch ,2286,41,17,35,20.68,VPD-51386,Cereal
44-565-9973, Spicy Sriracha Mayo ,4839,97,46,42,11.23,SQG-88986,Condiments
56-863-3570, Professional Cast Iron Chef's Set ,2528,34,29,32,18.24,LAS-98102,Cookware Set
05-778-7730, Adventurous Explorer Doll ,2359,54,77,3,11.20,AIN-53237,Dolls
63-034-4031, Culinary Craftsman Damascus Knife Set ,786,53,54,49,15.08,UBO-20654,Knife Set
32-005-2173, City Slicker Slim-Fit Trousers ,4044,95,94,12,41.98,QLF-75062,Pants
65-173-2185, Positive Affirmations Workbook ,1638,25,50,27,18.72,QMV-53504,Self-Help
32-886-8630, Retro Style Vintage Swim Goggles ,2963,70,47,25,31.65,KZA-02769,Swimming Goggles
88-601-1709, Exoplanet Explorers Sci-Fi Saga ,1884,33,62,12,34.12,OUD-89946,Science Fiction
33-332-7198, Sci-Fi Space Marines Action Figures ,4203,73,82,90,33.98,LLM-52307,Action Figures
05-531-7215, Neon Glow-in-the-Dark Basketball ,3182,74,26,31,29.37,UKO-66775,Basketball
73-437-1072, Modern Minimalist Dinner Service ,2502,36,23,30,40.91,TBF-05621,Dining Set
09-112-5557, Active Noise-Canceling Sport Headphones ,1268,65,48,78,47.01,IAJ-50396,Headphones
00-046-2275, Gaming Beast Laptop ,2872,65,47,59,40.88,ECE-17389,Laptop
68-048-0405, Hearty Whole Wheat Pasta ,2255,65,41,62,48.74,SGX-15598,Pasta
65-440-8930, Exfoliating Citrus Body Scrub ,1416,10,91,33,42.24,DAD-72852,Body Wash
23-394-0254, Brightening Vitamin C Sheet Mask ,1898,73,66,38,47.94,DEU-05643,Facial Mask
57-574-3730, Youth Training Football Kit ,4742,59,72,57,35.49,GCM-86811,Football
10-997-8384, RC Speedboat Racing Set ,4133,98,49,22,32.65,TFW-46677,Remote Control Toys
07-665-2333, Adorable Sloth Stuffed Animal ,4753,80,40,52,28.75,HJF-92444,Stuffed Animals
14-275-1287, Tropical Scented Sunscreen Spray ,2874,51,54,14,25.66,STK-75369,Sunscreen
48-867-0883, Outdoor Weatherproof TV ,591,51,13,25,21.84,XYO-20483,TV
88-462-2369, Frozen Drink Margarita Blender ,3119,50,88,13,16.06,KJE-71590,Blender
11-022-0978, Organic Chickpeas in Brine ,3833,42,99,7,42.10,NTC-94503,Canned Goods
31-258-7866, Keratin Repair Hair Conditioner ,4448,59,68,16,5.70,UPV-55721,Conditioner
29-419-0190, Chic and Sophisticated Midi Dress ,2513,91,35,94,4.20,ZTV-04417,Dress
58-052-5844, Heartwarming Family Drama ,1697,49,68,96,37.30,LFF-15309,Fiction
19-853-5001, Soothing Chamomile Makeup Remover ,4178,68,74,82,12.70,QRN-60296,Makeup Remover
18-960-4157, Educational How-To Guides Series ,2372,77,37,99,22.43,VFG-49306,Non-Fiction
89-786-8745, High-Fidelity Bookshelf Speaker ,1142,86,75,68,41.44,IJZ-94286,Speaker
96-407-0793, Extra Thick Memory Foam Exercise Mat ,4957,12,69,58,2.06,XMB-88350,Yoga Mat
31-961-0692, Rubber Encased Round Dumbbell Set ,3879,53,96,12,41.11,WXB-36336,Dumbbells
58-210-0910, Enchanted Forest Tales Collection ,2562,82,20,60,47.36,DTJ-92103,Fantasy
04-806-9817, Exotic Jasmine Blossom Fragrance ,4995,51,93,82,1.59,PAI-12910,Perfume
17-317-9778, Eco-Friendly Recycled Paper Printer ,3372,100,92,97,41.97,IFJ-15571,Printer
35-865-4616, Smoky BBQ Almonds ,506,26,90,29,18.85,KYH-12130,Snacks
57-164-3026, Tropical Pineapple Coconut Smoothie ,392,83,100,84,45.64,IXQ-90062,Beverages
38-238-1262, Shrimp and Veggie Dumplings ,1204,27,85,38,25.54,YZM-80501,Frozen Foods
05-841-9547, Swoon-Worthy Sunset Beach Romance ,2490,33,58,9,1.09,IJZ-94286,Romance
90-996-6068, Organic Quinoa Flour ,2053,75,46,43,24.81,CWR-76376,Baking Ingredients
54-325-7543, Architectural Landmark Replica Blocks ,4211,73,14,52,44.75,KIP-28060,Building Blocks
64-569-9253, 360-Degree Panoramic VR Camera ,4971,38,33,8,11.75,YTF-95391,Camera
76-193-5967, Precision Milled Putter Golf Club ,3893,12,66,66,30.07,XPV-35528,Golf Clubs
08-434-3436, Hydrogel Hydration Booster Moisturizer ,897,91,55,25,49.41,WHE-83900,Moisturizer
97-019-3404, Casual Linen Camp Collar Shirt ,4340,55,52,84,21.77,QVD-39871,Shirt
55-030-1575, Conspiracy Theory Political Thriller ,3186,38,60,74,17.57,USZ-27738,Thriller
85-213-9361, Built-In Drawer Microwave with Sensor Cooking ,4501,58,26,18,6.05,BNH-12578,Microwave
29-328-3654, 3D Castle Construction Puzzle ,338,29,24,80,32.72,OKU-24323,Puzzles
00-144-0800, Brown Rice with Quinoa Blend ,1396,63,75,79,24.09,KJO-24575,Rice
00-847-7041, Barefoot Minimalist Running Shoes ,211,99,22,60,40.59,RNQ-07469,Running Shoes
06-149-6367, 5G Ultra-Fast Network Smartphone ,1159,53,44,56,5.12,FQF-99309,Smartphone
62-764-0133, French Press Stainless Steel Coffee Maker ,4611,59,92,67,20.93,ZJL-21266,Coffee Maker
42-443-6110, Commercial Grade Food Processor ,4750,48,17,20,17.14,TRB-92894,Food Processor
11-922-1006, Anti-Frizz Smoothing Hair Serum ,4772,71,27,28,46.91,CCK-10755,Hair Styling Product
34-885-5619, Fleece-Lined Hooded Winter Parka ,1423,97,42,59,13.52,SIK-35958,Jacket
26-916-4677, Volumizing Bamboo Extract Shampoo ,893,72,33,22,33.56,YXQ-58307,Shampoo
33-990-5149, High-Performance Gaming Tablet ,549,29,67,47,47.40,VEP-08156,Tablet
49-616-5572, Soccer Skills Development Trainer Ball ,1473,50,72,38,7.71,TCO-77015,Soccer Ball
03-417-9339, Hydrating Cucumber Refreshing Cleansing Gel ,207,38,23,69,35.80,TPU-97065,Cleanser
35-564-4089, Commercial Grade Large Capacity Rice Cooker ,3613,55,89,78,8.36,PES-24879,Rice Cooker
29-537-1258, Outdoor Adventure Rugged Smartwatch ,3808,63,53,18,32.60,PGU-03868,Smartwatch
05-970-5318, Compact Mini Travel Toaster ,2271,47,38,12,34.07,TDE-13164,Toaster
96-894-8380, Recumbent Stationary Exercise Bike with Backrest ,3765,15,33,37,35.88,GXH-03256,Exercise Bike
70-595-3037, Instant Pot Multi-Function Pressure Cooker ,3214,30,85,3,4.49,NSZ-32695,Pressure Cooker
94-244-0084, Portable Travel Pocket Router ,4705,34,47,47,32.71,XNF-33635,Router
42-713-7844, Athletic Performance Moisture-Wicking T-Shirt ,2794,39,38,94,25.27,MUD-95778,T-shirt
66-957-5587, Striped Fair Isle Nordic Sweater ,2957,62,45,25,45.99,WEQ-74496,Sweater
06-313-7699, High-Waisted Wide Leg Flare Jeans ,2112,30,91,18,16.52,EWW-70463,Jeans
66-946-0345, Trench Coat with Belted Waist ,4156,24,15,30,26.77,EWW-70463,Coat
59-813-0544, Junior Tennis Racket for Kids ,958,89,10,38,10.24,TYH-25639,Tennis Racket
77-210-7646, Chasing Dreams: Autobiography ,1337,44,78,22,5.03,HFL-70800,Biography
25-432-1704, Language Learners Activity Set ,3196,95,59,65,29.48,XQW-57068,Educational Toys
73-308-3615, Garden Fresh Vegetable Crate ,3001,58,45,94,41.27,EZI-27822,Fresh Produce
13-988-7154, Pioneers of Progress: Historical Chronicles ,3113,13,55,88,15.31,BBC-31890,History
11-909-9390, Mysteries Untold: Chronicles of Intrigue ,3305,54,66,6,37.78,FAS-33208,Mystery
12-798-3996, Nature Explorer Binoculars ,2084,60,84,4,37.53,VAI-89262,Outdoor Toys
57-197-5829, Tropical Paradise Board Shorts ,2663,67,25,87,12.33,OXF-84138,Shorts
87-988-7651, Twirl-Worthy Tulle Tutu Skirt ,440,10,14,34,20.72,LBQ-95851,Skirt
47-080-5931, City Streets Police Cruiser ,2783,35,74,45,24.13,SMB-56178,Toy Vehicles
84-259-0089, History Makers Trivia Challenge ,3338,47,15,95,34.35,IFJ-15571,Board Games
81-774-2745, Honey Almond Clustered Crunch ,273,16,70,77,18.48,DPJ-40097,Cereal
04-295-6692, Garlicky Dijon Mustard ,1992,36,92,82,26.82,HAS-69381,Condiments
56-066-4318, Nonstick Ceramic Kitchen Essentials ,877,100,42,64,33.11,TZK-20488,Cookware Set
21-498-6879, Equestrian Dream Horse and Rider Doll ,165,28,10,55,34.47,UCV-41280,Dolls
53-042-1501, Butcher's Block Premium Knife Set ,619,66,22,53,23.20,FGA-77393,Knife Set
47-669-0435, Vintage Denim Overalls ,329,66,22,33,32.62,POY-46334,Pants
05-987-7938, Stress Management Techniques Manual ,3524,74,47,85,33.82,UTS-23022,Self-Help
18-987-0096, Open Water Swimming Mask ,4373,68,22,27,38.72,YOW-77556,Swimming Goggles
54-235-5990, AI Uprising Dystopian Adventure ,1308,35,34,2,12.25,VLN-02525,Science Fiction
75-893-4370, Ninja Warriors Stealth Squad ,4346,46,79,15,42.64,LAG-69856,Action Figures
58-584-9891, Youth Training Basketball Hoop ,759,62,54,11,1.90,UKO-66775,Basketball
61-088-1041, Eclectic Bohemian Dining Collection ,4662,73,40,30,15.36,QJH-35215,Dining Set
37-167-1724, Fashionable Rose Gold On-Ear Headphones ,4998,70,51,69,1.05,ZJO-84477,Headphones
07-246-2534, Educational Chromebook ,2476,99,75,54,18.44,TRH-49595,Laptop
30-811-5224, Gluten-Free Quinoa Pasta ,1905,43,69,39,48.25,GFA-88029,Pasta
59-347-8183, Nourishing Shea Butter Shower Gel ,4784,62,15,84,40.90,VJC-96478,Body Wash
42-629-9312, Soothing Aloe Vera Gel Mask ,2180,88,16,6,32.57,RPJ-72584,Facial Mask
27-276-7888, Vintage Leather Football Helmet ,2188,59,63,6,20.78,KYH-12130,Football
84-573-2039, RC Construction Crane Truck ,1653,91,49,94,21.22,PPS-01549,Remote Control Toys
50-762-4334, Giant Plush Panda Bear ,3710,74,13,96,17.42,AGU-16605,Stuffed Animals
27-924-4109, Sport Performance Sunblock Stick ,2287,87,26,26,25.17,UPR-31232,Sunscreen
45-611-9056, Portable Mini Projector ,2592,60,20,100,15.80,GZL-37354,TV
12-586-9635, Professional Grade Immersion Blender ,4343,33,68,54,24.35,LBH-34480,Blender
94-289-6591, Wild Caught Tuna in Olive Oil ,868,74,85,54,27.53,ZAI-81111,Canned Goods
40-855-0828, Color Protecting Conditioner ,2622,85,53,74,19.99,JYA-26509,Conditioner
35-840-9882, Vintage-Inspired Swing Dress ,3847,89,97,23,9.21,JYX-13696,Dress
27-249-6440, Suspenseful Legal Mystery ,456,88,53,61,49.14,XDY-13338,Fiction
85-589-9448, Refreshing Cucumber Makeup Remover Wipes ,4320,84,99,39,33.43,CAJ-39029,Makeup Remover
85-608-2110, Informative Health and Wellness Handbook ,4268,30,90,88,34.38,TLN-02191,Non-Fiction
69-549-1991, Voice-Controlled Smart Speaker ,1399,14,72,60,42.23,WJI-36054,Speaker
40-517-6750, Non-Slip Hot Yoga Towel Mat ,3981,13,29,45,9.39,DCL-53653,Yoga Mat
42-967-9840, Vinyl Coated Colorful Dumbbell Pair ,2072,99,41,68,49.14,POY-46334,Dumbbells
15-995-9275, Mythical Creatures and Legends Saga ,4491,42,50,24,15.34,XKZ-86857,Fantasy
14-967-6412, Citrus Sunshine Eau de Toilette ,2302,81,15,80,17.58,YOQ-27413,Perfume
04-605-6384, 3D Printing Pen and Filament Bundle ,2179,94,68,62,22.23,RUB-76105,Printer
68-963-5883, Crunchy Wasabi Pea Mix ,4003,32,86,32,10.27,KVA-11096,Snacks
46-657-3311, Matcha Green Tea Latte Mix ,2985,65,25,35,28.48,YZM-80501,Beverages
27-966-6139, Margherita Pizza with Cauliflower Crust ,2822,16,63,63,3.93,THT-97316,Frozen Foods
32-169-1593, Unexpected Love: Romantic Comedy ,252,34,13,52,38.32,QUR-26710,Romance
36-109-6627, Himalayan Pink Salt Flakes ,3894,49,32,15,21.67,NPA-57296,Baking Ingredients
67-827-3704, STEM Learning Marble Run ,3667,93,35,36,12.21,VQM-45848,Building Blocks
81-208-1851, Instant Print Polaroid Camera ,104,35,82,98,40.40,POO-69001,Camera
91-543-1141, Graphite Shaft Driver Golf Club ,4151,11,65,49,47.71,ETV-78481,Golf Clubs
58-505-6439, Balancing Tea Tree Oil Facial Moisturizer ,430,29,52,59,20.83,BTV-55432,Moisturizer
97-383-2296, Sporty Performance Polo Shirt ,1951,50,45,73,19.68,FYI-51934,Shirt
38-859-3907, Psychological Suspense Thriller ,835,18,66,63,47.98,XRO-70763,Thriller
26-723-9238, Stainless Steel Retro Microwave ,4356,29,46,9,35.54,HDW-55573,Microwave
99-833-7000, Custom Photo Personalized Puzzle ,1640,76,39,54,27.92,DYG-48433,Puzzles
71-189-9588, Sushi Grade Japanese Short Grain Rice ,4736,44,76,85,43.10,QQL-03073,Rice
25-215-5515, Stability Control Road Running Shoes ,3726,68,75,53,23.08,OXF-84138,Running Shoes
34-628-8485, Rugged Waterproof Outdoor Smartphone ,1210,60,70,70,6.31,PDA-37639,Smartphone
89-827-1661, Pour-Over Glass Carafe Coffee Maker ,590,19,29,70,4.53,KSW-37773,Coffee Maker
74-458-3813, Multi-Function Kitchen Appliance Food Processor ,4211,85,97,3,9.99,WPR-09096,Food Processor
07-845-2064, Heat Protectant Spray for Styling ,4019,88,23,88,33.06,PJW-03099,Hair Styling Product
29-901-6079, Techwear Reflective Utility Jacket ,746,60,11,34,24.82,EKO-04138,Jacket
75-867-4873, Color-Protecting UV Defense Shampoo ,2054,23,38,52,24.51,QEX-62385,Shampoo
89-982-0349, Budget-Friendly Android Tablet ,492,57,70,39,21.22,QAH-05968,Tablet
77-123-2297, Reflective Glow-in-the-Dark Soccer Ball ,211,11,66,18,33.44,TNH-74352,Soccer Ball
63-389-8360, Detoxifying Charcoal Deep Cleansing Face Wash ,1102,17,99,71,7.70,JKG-80144,Cleanser
03-486-8184, Smart WiFi-Enabled Programmable Rice Cooker ,2229,81,91,16,35.07,JUT-72205,Rice Cooker
41-059-1390, Health Monitoring Heart Rate Smartwatch ,2195,33,11,35,37.83,NTC-94503,Smartwatch
89-916-3966, Automatic Pop-Up Bagel Toaster ,2958,40,51,71,20.01,FZJ-59821,Toaster
48-739-6023, Fan Resistance Air Bike for HIIT ,1587,62,50,79,32.70,DNC-95657,Exercise Bike
41-211-2939, Large Capacity Commercial Pressure Cooker ,2788,27,64,93,23.27,ZVB-49460,Pressure Cooker
80-221-1012, Parental Controls Home Router ,4234,70,47,37,25.70,IMI-60954,Router
65-994-3238, V-Neck Basic Cotton Tee ,3994,100,70,48,34.77,FEU-59618,T-shirt
58-829-9896, Cozy Mohair Blend Cropped Sweater ,3182,13,86,20,16.23,OQO-15042,Sweater
79-505-8160, Cropped Mom Jeans with Raw Hem ,303,25,80,40,27.58,NJB-23499,Jeans
31-072-9542, Faux Fur Hooded Down Coat ,1406,97,80,33,42.18,TUR-31037,Coat
96-707-0111, Graphite Composite Lightweight Tennis Racket ,918,17,85,51,12.79,KCV-52154,Tennis Racket
97-507-7839, Legacies Left Behind: Biographical Accounts ,2814,97,89,50,24.78,HZT-89052,Biography
34-615-5462, Musical Maestro Keyboard ,915,20,51,29,47.43,ONQ-79579,Educational Toys
12-885-6135, Farm-to-Table Produce Selection ,1270,22,11,81,44.81,SPE-70907,Fresh Produce
32-343-2762, Torchbearers of the Past ,4120,75,17,18,45.91,QNX-60051,History
97-663-4331, Clues in the Darkness: Detective Chronicles ,1318,74,30,18,20.96,PJW-03099,Mystery
19-236-1344, Wilderness Survival Essentials Kit ,585,69,42,39,26.75,ZII-10375,Outdoor Toys
01-505-2486, Active Lifestyle Workout Shorts ,2029,60,89,95,30.83,SPE-70907,Shorts
61-007-6823, Boho Chic Ruffle Wrap Skirt ,335,65,71,16,16.66,QPM-83723,Skirt
01-050-1010, Construction Site Bulldozer ,1081,35,57,51,28.65,RNQ-07469,Toy Vehicles
26-120-2859, Cooperative Teamwork Expedition ,3701,48,45,9,38.21,BYU-77991,Board Games
86-803-1388, Choco-Chip Crunchy Cereal ,1059,53,32,9,35.92,YZM-80501,Cereal
50-213-7139, Zesty Citrus Herb Infusion ,3127,17,90,45,15.65,VMH-49344,Condiments
62-169-5477, Ultimate Silicone Cooking Set ,2270,99,29,68,18.57,WDV-87899,Cookware Set
48-633-1857, Magical Mermaid Fantasy Doll ,1138,15,34,5,10.55,VXH-89876,Dolls
13-768-4067, Outdoor Adventurer's Survival Knife Kit ,3012,50,19,66,5.48,NQY-05470,Knife Set
87-045-7617, Camo Print Cargo Joggers ,1717,96,20,32,28.84,ADU-44675,Pants
11-987-7204, Goal Setting and Achievement Planner ,2812,17,34,11,46.88,JIZ-18863,Self-Help
14-381-7269, Diving Snorkel Set with Goggles ,3144,59,79,16,12.68,UFX-34604,Swimming Goggles
42-679-9843, Time Warp Chronicles Series ,699,45,57,23,36.72,RXJ-90778,Science Fiction
02-673-1337, Monster Slayer Action Figure Collection ,4816,11,45,58,30.81,GNJ-77162,Action Figures
17-163-9509, Portable Mini Basketball Set ,401,89,99,16,37.68,CWO-85587,Basketball
57-645-6511, Family-Friendly Picnic Tableware Set ,867,70,36,5,6.36,SKU-44324,Dining Set
31-471-2089, Gamer's Ultimate Gaming Headset ,2151,13,18,61,24.23,PUK-11493,Headphones
16-083-1182, Designer's High-Performance MacBook ,1775,56,89,50,42.00,YMD-05576,Laptop
82-325-3423, Gourmet Truffle Infused Pasta ,2173,42,91,2,46.26,ETV-78481,Pasta
84-241-0992, Hydrating Aloe Vera Body Wash ,370,67,54,22,6.37,VSS-70604,Body Wash
97-113-5105, Exfoliating Papaya Enzyme Mask ,4171,40,86,2,30.12,XBT-04439,Facial Mask
69-759-6755, Game Day Tailgate Football ,2119,17,76,1,8.50,PMZ-19356,Football
91-234-6234, Mini Quadcopter Drone ,3541,45,43,60,25.08,PDK-34116,Remote Control Toys
37-058-6285, Fluffy Bunny Rabbit Plush ,718,54,58,10,11.49,PQO-53030,Stuffed Animals
61-407-3398, Sensitive Skin Sunscreen Cream ,1014,94,16,28,25.98,WYE-86514,Sunscreen
96-905-0520, Home Theater Projection Screen ,1072,88,77,52,18.00,CTL-39197,TV
78-402-4030, Countertop Smoothie Maker ,3348,79,25,9,8.26,UDK-69700,Blender
99-936-6420, Sweet Corn Kernel Can ,4543,62,40,37,25.93,SYW-88646,Canned Goods
66-120-6138, Coconut Milk Hydrating Conditioner ,1608,27,26,19,9.90,TGN-69648,Conditioner
34-695-2894, Flowy Boho Peasant Dress ,1615,49,11,25,22.51,RZZ-36734,Dress
92-461-0268, Enchanting Fairytale Romance ,2568,34,39,26,49.92,HFO-05301,Fiction
35-721-9502, Oil-Free Dual-Phase Eye Makeup Remover ,1167,85,49,60,10.76,CBB-40768,Makeup Remover
87-654-9745, Historical Non-Fiction Bestseller ,4627,66,99,29,37.44,LEV-59722,Non-Fiction
62-549-0675, Outdoor Adventure Bluetooth Speaker ,879,20,75,2,48.29,PTE-20028,Speaker
30-471-7388, Travel-Friendly Foldable Yoga Mat ,3833,20,46,70,29.99,UEE-00621,Yoga Mat
30-883-0231, Iron Core Cast Iron Dumbbell Set ,4319,90,32,73,16.76,MOH-66602,Dumbbells
30-740-9118, Sorcerer's Spellbinding Adventure ,4769,38,88,26,46.94,IIK-84400,Fantasy
79-227-3000, Delicate Lavender Mist Perfume Spray ,472,69,55,50,32.04,ZDC-08239,Perfume
12-416-0792, Wireless Laser Printer with Cloud Printing ,696,19,98,99,30.30,CQH-75777,Printer
78-536-7564, Sweet and Spicy Mango Tango Trail Mix ,4726,26,88,24,2.23,SIK-35958,Snacks
29-507-3431, Refreshing Watermelon Mint Juice ,503,42,39,36,14.45,AQA-85970,Beverages
69-118-8432, Gourmet Mushroom Risotto ,3365,49,34,62,9.26,SKU-44324,Frozen Foods
37-822-0446, Love Letters from Paris: Romance Anthology ,1050,74,18,31,33.47,UNQ-72847,Romance
61-635-3666, Premium Bourbon Madagascar Vanilla Extract ,4644,81,28,87,22.51,WOS-63858,Baking Ingredients
40-677-5221, Eco-Friendly Bamboo Building Blocks ,2416,12,18,57,10.24,GDI-78573,Building Blocks
21-441-5158, Underwater Scuba Diving Camera ,2891,65,100,6,18.17,ZJI-84203,Camera
78-313-1319, Complete Beginner Golf Club Set ,4439,42,41,5,21.90,LVO-66956,Golf Clubs
81-184-9787, Radiance-Boosting Turmeric Face Cream ,2180,99,83,100,47.90,MBH-60042,Moisturizer
61-071-9604, Denim Chambray Work Shirt ,1513,46,10,60,38.00,UOA-33680,Shirt
87-545-0611, Gripping Legal Thriller Saga ,1567,97,40,13,10.62,CQZ-43265,Thriller
96-299-1871, Compact Portable Microwave for Dorms ,4289,21,17,58,19.24,JKB-01490,Microwave
26-776-4481, Glow-in-the-Dark Space Exploration Puzzle ,4367,54,54,10,15.35,BTV-55432,Puzzles
01-183-0131, Arborio Italian Risotto Rice ,4166,41,60,83,35.29,HIL-40025,Rice
17-050-4985, Cushioned Cloud-Like Comfort Running Shoes ,2288,75,22,94,44.15,YTH-82363,Running Shoes
80-828-0506, Budget-Friendly Entry-Level Smartphone ,4049,10,31,17,16.98,WYE-34404,Smartphone
11-587-1855, Cold Brew Iced Coffee Maker ,3727,24,24,14,37.39,YWU-12014,Coffee Maker
47-497-9298, Vegetable Spiralizer Food Processor Attachment ,2245,59,34,37,1.88,PON-70978,Food Processor
60-583-8689, Curl-Defining Cream for Natural Curls ,2004,79,25,12,48.68,LOZ-55609,Hair Styling Product
08-579-9146, Motorcycle Leather Biker Jacket ,2144,84,47,7,37.15,PAI-17116,Jacket
93-597-1764, Strengthening Keratin Protein Shampoo ,4443,88,33,91,22.47,NIZ-53966,Shampoo
82-023-9853, Graphic Designer Drawing Tablet ,524,68,96,18,22.16,HJF-92444,Tablet
21-713-8107, High-Performance Match Soccer Ball ,2053,86,68,65,31.16,QRC-06066,Soccer Ball
43-993-7650, Soothing Oatmeal and Honey Facial Cleanser ,4395,93,59,96,18.23,IND-73964,Cleanser
65-720-5521, Traditional Japanese Style Rice Cooker ,2357,10,59,78,8.31,ZFK-81849,Rice Cooker
22-839-5661, Waterproof Swim-Proof Smartwatch ,4120,29,67,88,9.73,CVQ-05946,Smartwatch
21-390-3483, Long Slot Artisan Bread Toaster ,656,23,87,86,16.43,FLN-01981,Toaster
36-503-3274, Folding Portable Exercise Peddler Bike ,2022,86,80,51,23.62,DYW-51555,Exercise Bike
81-612-9682, Slow Cooker Combo Pressure Cooker ,2667,96,12,89,19.97,XFG-96276,Pressure Cooker
10-334-6265, 5G Cellular Network Router ,4356,73,20,14,8.68,WJT-62303,Router
34-581-3690, Striped Pocket Tee Shirt ,2421,71,54,10,33.59,FGA-77393,T-shirt
14-203-4431, Ribbed Crew Neck Pullover Sweater ,4838,58,51,63,36.45,QSA-10033,Sweater
52-673-1447, Slim Fit Stretch Denim Jeans ,2832,95,17,16,25.71,MJH-63318,Jeans
03-244-8222, Rainproof Waterproof Windbreaker Coat ,3331,10,34,14,27.27,UGG-96895,Coat
34-273-3640, Vintage Wood Tennis Racket with Leather Grip ,429,61,68,6,47.87,NTC-94503,Tennis Racket
17-524-3530, Footprints in the Sand: Life Story ,2614,75,52,65,39.89,DYG-48433,Biography
49-292-7496, Engineering Marvels Construction Set ,1439,35,77,74,39.76,ZPS-26648,Educational Toys
85-505-6120, Seasonal Harvest Sampler ,324,57,16,75,14.55,ZIN-38501,Fresh Produce
11-070-3495, Sagas of Civilization: History Unearthed ,3539,49,57,41,28.40,GFY-91689,History
37-753-2329, Midnight Mystique: Thrilling Adventure ,2486,94,98,55,40.48,XDY-13338,Mystery
78-246-9429, All-Terrain Adventure Bike ,212,44,88,38,23.81,YHS-11144,Outdoor Toys
60-281-7911, Weekend Warrior Lounge Shorts ,1844,94,34,39,43.68,FMO-04936,Shorts
22-657-8643, Feminine Lace A-line Skirt ,3077,49,47,2,22.92,LVO-66956,Skirt
75-367-9167, Aviation Adventure Helicopter ,3120,48,62,58,28.90,XAI-43547,Toy Vehicles
03-340-4549, Mystery Mansion Detective Game ,759,19,14,14,30.94,UBP-17226,Board Games
19-632-6137, Crispy Rice Morning Medley ,4778,25,46,82,33.12,TLX-61206,Cereal
37-601-6646, Savory Roasted Red Pepper Sauce ,1914,37,84,45,34.26,DXQ-66150,Condiments
17-941-7899, Eco-Friendly Bamboo Cookware Collection ,2228,74,66,93,12.41,YJX-68151,Cookware Set
06-609-9674, Enchanted Fairy Tale Doll Set ,1000,15,37,21,12.00,WAW-84280,Dolls
94-304-1665, Master Carver's Woodworking Knife Set ,2775,13,37,87,44.64,TLN-02191,Knife Set
79-812-8067, Tailored Wool Dress Trousers ,3130,58,22,37,49.95,UZW-72899,Pants
82-766-2339, Personal Growth Journal ,3594,88,36,33,40.35,WEK-35051,Self-Help
90-098-2875, Swim Training Nose Clip and Goggles Set ,757,59,71,91,26.27,XEX-16374,Swimming Goggles
70-283-5983, Alien Encounters Anthology ,302,76,29,43,41.01,KOD-09746,Science Fiction
68-739-7272, Wild West Outlaws Action Figures ,1012,21,22,33,43.33,VKL-45166,Action Figures
14-651-7055, Basketball Training Shooting System ,388,21,79,34,2.09,HFO-05301,Basketball
96-997-6114, Artisan Handcrafted Ceramic Dining Set ,2132,77,28,73,24.20,CVO-26869,Dining Set
42-186-6656, Premium Hi-Fi Audiophile Headphones ,401,43,96,92,3.79,QKC-01558,Headphones
02-432-4939, Budget-Friendly Student Laptop ,1235,30,65,77,36.52,EZX-63553,Laptop
77-841-8220, Fresh Homemade Pasta Dough Kit ,4264,72,92,95,8.43,ENQ-75772,Pasta
92-408-4906, Refreshing Eucalyptus Shower Gel ,3570,65,51,65,46.30,FDS-33207,Body Wash
25-833-2692, Cooling Cucumber Gel Eye Mask ,2920,19,43,17,31.50,RGM-13447,Facial Mask
71-015-1326, Flag Football Set with Belts and Flags ,1399,33,38,98,40.68,XNF-33635,Football
87-538-4800, Remote-Controlled Monster Truck ,1357,50,65,50,29.26,VKL-45166,Remote Control Toys
03-473-1590, Realistic Tiger Stuffed Toy ,4196,65,52,63,47.56,PAX-60071,Stuffed Animals
82-082-0211, Clear Zinc Oxide Sunblock ,4856,37,49,12,17.48,QQL-03073,Sunscreen
87-659-8254, Interactive Touchscreen Display ,3979,87,95,90,22.20,XVV-88342,TV
61-201-0221, High-Speed Juice Blender ,1487,88,99,59,17.98,BPY-50055,Blender
20-556-3674, Savory Beef Stew in a Can ,184,31,69,76,30.42,IPT-69493,Canned Goods
08-343-6235, Revitalizing Citrus Conditioner ,1141,11,82,83,9.07,CAJ-39029,Conditioner
00-615-7808, Formal Evening Gown with Sequins ,4671,65,71,6,3.18,ZYL-43757,Dress
13-038-3266, Action-Packed Spy Thriller ,1189,84,75,60,38.17,CQH-75777,Fiction
25-997-4437, Sensitive Skin Makeup Remover Balm ,4672,19,45,58,28.84,CKD-87190,Makeup Remover
15-869-7949, Scientific Discoveries Encyclopedia ,3080,45,63,35,21.91,ZVJ-95722,Non-Fiction
50-522-1351, Party DJ Light-Up Speaker ,4690,30,67,96,18.59,FFC-67452,Speaker
67-831-6440, Grip-Tech Silicone Rubber Yoga Mat ,4472,35,72,25,12.48,YQS-02604,Yoga Mat
48-887-3743, Chrome Plated Adjustable Dumbbell Pair ,4869,43,36,35,25.23,NBS-61684,Dumbbells
02-181-7262, Elven Kingdoms Fantasy Series ,4231,63,49,44,40.98,MKK-25727,Fantasy
38-480-0304, Opulent Oud Wood Perfume Essence ,4384,14,64,80,42.85,TYI-59612,Perfume
57-573-3605, Office Multifunction Laser Printer ,3320,89,53,9,28.98,DXX-68717,Printer
42-587-9574, Honey Mustard Pretzel Bites ,2684,68,79,74,22.85,OPY-55757,Snacks
80-187-7283, Iced Golden Turmeric Latte ,1922,97,11,61,5.36,YOK-59609,Beverages
55-787-8150, Chicken and Waffle Bites ,4346,78,62,37,21.75,UVI-54165,Frozen Foods
13-334-0725, Tender Embrace: Heartfelt Love Story ,1190,87,43,98,21.54,RWR-21151,Romance
92-442-8004, Organic Chia Seeds ,3587,48,83,10,30.66,JWA-20161,Baking Ingredients
07-049-0442, Light-Up LED Construction Blocks ,4536,47,47,93,6.46,GUT-26560,Building Blocks
48-257-8759, Mirrorless Digital Camera with Lens Kit ,4950,96,95,99,38.29,DVM-91694,Camera
67-427-8198, Left-Handed Golfer's Club Collection ,2612,99,22,40,22.77,PTE-20028,Golf Clubs
36-966-7799, Ultra-Calming Chamomile Night Cream ,4035,65,81,95,32.01,NFV-76963,Moisturizer
90-060-1960, Floral Print Hawaiian Shirt ,2176,99,52,54,49.22,FLN-01981,Shirt
87-108-0100, Chilling Horror Thriller Collection ,3356,52,75,39,24.30,GSO-51404,Thriller
47-826-2398, Microwave Popcorn Maker Bowl ,4138,91,71,23,34.12,AJX-69512,Microwave
04-897-7448, Colorful Alphabet Learning Puzzle ,4255,16,50,24,35.98,RFH-32172,Puzzles
28-380-7447, Forbidden Black Rice ,3113,85,33,10,48.49,BPF-33126,Rice
79-787-7449, Aggressive Traction Trail Running Shoes ,4117,44,51,93,12.03,GCP-75861,Running Shoes
68-514-5147, Photography-Centric Camera Phone ,2016,74,75,56,26.58,QZX-95615,Smartphone
11-781-4550, Automatic Drip Programmable Coffee Machine ,1414,26,59,66,32.95,NFV-76963,Coffee Maker
76-903-3559, Professional Grade Meat Grinder Food Processor ,3663,28,44,2,41.46,UHT-19837,Food Processor
87-004-8927, Root-Lifting Foam for Volume ,3255,39,58,92,8.46,QQJ-89128,Hair Styling Product
21-766-7142, Bomber Flight Jacket with Patches ,4064,74,59,90,17.77,DLN-84992,Jacket
73-262-6274, Balancing Tea Tree Oil Shampoo ,613,96,61,17,41.32,IZU-36207,Shampoo
01-700-9655, Large Screen Entertainment Tablet ,4302,57,61,21,17.51,FQF-99309,Tablet
79-007-6648, Mini Soccer Ball Pack for Kids ,3078,19,56,2,6.50,EQB-75962,Soccer Ball
27-693-0330, Gentle Milk Cleansing Lotion ,3486,70,66,68,45.99,EUK-23106,Cleanser
91-948-5490, Portable Travel Rice Cooker ,775,100,89,75,45.53,AIG-15580,Rice Cooker
48-986-2953, Gamer's Companion Smartwatch ,4968,92,52,69,20.08,MCI-83836,Smartwatch
54-245-0160, Multi-Function Digital Toaster Oven ,3354,92,79,26,36.08,INF-02172,Toaster
47-233-6774, Under Desk Mini Elliptical Trainer Bike ,465,66,36,57,11.53,LVO-66956,Exercise Bike
04-284-9156, Steamer Basket Accessories for Pressure Cooker ,4017,91,58,19,40.50,JAE-85575,Pressure Cooker
47-467-6852, Long Range Outdoor WiFi Router ,4784,88,39,43,13.38,KXY-48673,Router
39-902-9369, Organic Bamboo Eco-Friendly T-Shirt ,1764,58,33,53,24.83,SRR-37435,T-shirt
82-395-4085, Hooded Zip-Up Cardigan Sweater ,2074,63,79,14,31.72,SNO-97538,Sweater
53-063-5902, Baggy Boyfriend Jeans with Patches ,1934,47,90,73,20.63,KYV-83651,Jeans
96-668-5966, Sherpa Lined Denim Trucker Jacket ,1970,48,38,98,17.61,FAZ-68355,Coat
81-646-9734, Head Heavy Power Tennis Racket ,4086,45,57,60,38.98,RVN-78777,Tennis Racket
71-722-2308, Whispers from the Past: Biography ,3582,51,41,60,46.85,PCF-57029,Biography
36-328-6199, Coding Adventures Robot Kit ,2381,40,32,87,31.13,RTE-77498,Educational Toys
26-589-1806, Orchard Fresh Fruit Assortment ,863,47,69,53,2.29,TKO-66622,Fresh Produce
74-002-4928, Pages of the Past: Historical Narratives ,421,20,37,60,20.18,PTZ-54840,History
18-219-3186, Riddles of the Unknown: Puzzling Enigmas ,3545,15,59,33,11.74,ELZ-78947,Mystery
28-337-8073, Extreme Sports Skateboard Set ,2837,17,18,18,33.11,UNO-38474,Outdoor Toys
21-189-3185, Chic and Stylish Bermuda Shorts ,1771,93,41,66,12.08,UNQ-72847,Shorts
59-050-0448, Elegant Satin Ballerina Skirt ,3590,79,15,56,46.02,RDW-09693,Skirt
96-230-4270, High-Octane Racing Motorcycle ,3922,30,69,43,19.86,GED-87205,Toy Vehicles
66-486-2538, Word Wizard Scrabble Tournament ,2750,79,80,9,15.98,AIN-53237,Board Games
63-016-4287, Vanilla Bean Flavored Granola ,1729,86,90,9,13.65,VEE-86785,Cereal
25-998-5852, Smoky Chipotle Barbecue Sauce ,717,66,57,53,38.33,CHW-81871,Condiments
13-565-5190, Vintage Enamel Cast Iron Cookware ,1599,75,28,84,37.42,XCD-76790,Cookware Set
47-739-7389, Modern City Girl Fashion Doll ,4309,30,39,14,26.19,TWF-48592,Dolls
64-131-4849, Hobbyist Sculptor's Carving Knife Set ,1975,81,44,56,12.29,YGY-54071,Knife Set
00-014-1314, Relaxed Fit Lounge Sweatpants ,560,35,67,71,13.89,GOH-94581,Pants
71-373-7523, Life Coaching Strategies Workbook ,2405,62,29,83,4.76,QIL-00730,Self-Help
99-433-2917, Mirrored Racing Swim Goggles ,316,89,52,28,4.89,CYK-99038,Swimming Goggles
90-145-4578, Space Odyssey Adventure Series ,4910,75,10,87,4.21,ZFK-81849,Science Fiction
78-451-5318, Medieval Knights and Dragons Action Figures ,2119,90,49,54,10.64,FAQ-21904,Action Figures
36-648-0127, Indoor/Outdoor Composite Basketball ,4381,33,12,100,24.63,TWF-48592,Basketball
70-450-0302, Outdoor Patio Dining Ensemble ,3222,23,47,18,5.80,HNW-87364,Dining Set
24-499-8485, Sleep and Relaxation Sleep Mask with Headphones ,927,43,25,97,39.78,AAF-37157,Headphones
81-297-6143, Thin and Lightweight Ultrabook ,1331,98,14,25,36.50,GAS-98952,Laptop
03-897-1579, Organic Vegetable Pasta Blend ,876,48,38,71,12.46,CWO-85587,Pasta
15-718-1031, Soothing Chamomile Bath Gel ,1566,29,16,37,8.60,FST-60043,Body Wash
70-633-6787, Anti-Aging Retinol Overnight Mask ,1863,75,18,8,8.58,IMI-60954,Facial Mask
54-986-1990, Professional Leather Football Game Ball ,4569,91,83,8,33.09,BEB-71231,Football
99-685-9600, RC Racing Boat with Dual Motors ,4714,88,68,71,4.91,ZKI-13000,Remote Control Toys
08-440-3373, Snuggly Koala Bear Plushie ,3842,46,63,2,20.53,QAI-36450,Stuffed Animals
86-832-2186, Matte Finish Facial Sunscreen ,1625,58,32,21,20.39,JHA-51657,Sunscreen
65-211-7033, Premium QLED 8K TV ,4300,32,41,76,21.32,FAZ-68355,TV
52-977-0407, Glass Jar Retro Blender ,1280,35,40,93,21.49,DLH-36698,Blender
24-835-9371, Organic Black Beans in Water ,1788,33,17,49,14.92,JBQ-01841,Canned Goods
47-602-7232, Nourishing Shea Butter Conditioner ,4170,81,63,33,34.34,LUO-97034,Conditioner
16-458-1689, Wrap Style Jersey Knit Dress ,2843,25,83,37,4.36,TCH-90818,Dress
76-952-2717, Dark and Twisted Gothic Fiction ,1401,57,48,8,2.23,BZV-37538,Fiction
49-434-9174, Biodegradable Makeup Remover Pads ,1071,85,18,10,8.31,RLL-62137,Makeup Remover
82-449-1798, True Crime Exposé Chronicles ,4386,92,62,62,48.76,CNJ-00328,Non-Fiction
29-230-6631, Gaming Console Surround Sound Speaker ,4010,87,20,99,19.10,PGU-03868,Speaker
59-871-3856, Chakra Alignment Printed Yoga Mat ,501,90,99,40,6.60,EWW-70463,Yoga Mat
31-897-4567, Solid Steel Hex Dumbbell Set ,3142,38,59,57,32.66,LZE-58829,Dumbbells
67-247-6424, Dark Magic and Forbidden Lore Compilation ,4190,38,35,28,28.83,LJA-69120,Fantasy
08-552-8854, Fresh Ocean Breeze Cologne Spray ,3967,74,23,82,48.36,VEB-99524,Perfume
02-342-9795, Pocket-Sized Mini Thermal Label Printer ,1733,86,76,58,9.53,KYH-12130,Printer
33-714-5807, Organic Dried Fruit Medley ,234,74,61,96,43.70,CHV-11853,Snacks
39-264-5664, Organic Hibiscus Herbal Tea Blend ,4456,23,88,56,19.22,TYI-59612,Beverages
32-767-3403, Teriyaki Glazed Salmon Fillets ,1083,93,22,75,46.23,NWS-11653,Frozen Foods
47-022-1161, Eternal Flames: Steamy Romance Series ,4126,10,75,71,40.31,HFX-02446,Romance
64-709-0601, Gluten-Free Almond Flour ,1482,22,32,78,26.29,MUD-95778,Baking Ingredients
44-666-9297, Giant Foam Soft Building Blocks ,2969,64,75,45,46.33,SRR-37435,Building Blocks
94-218-6034, Compact Point-and-Shoot Film Camera ,2979,83,24,13,8.99,PJX-83950,Camera
96-634-6146, Women's Petite Golf Club Set ,4666,29,73,48,39.18,QQM-21559,Golf Clubs
51-525-2470, Revitalizing Ginseng Facial Moisturizer ,2747,34,37,45,47.12,FGA-77393,Moisturizer
93-401-0649, Slim Fit Stretch Poplin Dress Shirt ,4516,96,33,12,3.44,JXN-83089,Shirt
14-170-8767, Techno-Thriller Cyberpunk Adventure ,2176,16,86,76,45.05,DZX-23535,Thriller
43-258-2165, Inverter Technology Microwave with Turbo Defrost ,2279,83,71,34,11.33,MHH-37531,Microwave
13-161-9322, Artistic Paint by Numbers Puzzle ,4280,89,26,71,23.54,AAM-17841,Puzzles
19-809-3380, Wild Rice Medley with Cranberries ,2720,47,87,3,21.77,KNL-35161,Rice
62-215-1711, Reflective Night Running Shoes ,3621,70,11,58,35.54,SFE-05954,Running Shoes
77-337-6396, Large Battery Long-Lasting Smartphone ,2504,18,98,12,2.33,WMK-33523,Smartphone
74-582-6180, Portable Travel French Press ,664,47,82,63,3.16,YOC-81290,Coffee Maker
00-189-3792, Compact Electric Mini Food Processor ,3605,17,69,17,19.22,NXM-59086,Food Processor
73-174-4422, Beach Wave Sea Salt Hair Spray ,2511,33,53,74,19.90,IWZ-34394,Hair Styling Product
92-820-2963, Quilted Flannel Lined Work Jacket ,812,60,82,91,21.61,YZA-00979,Jacket
18-286-7409, Soothing Lavender Chamomile Shampoo ,1456,65,21,28,45.61,SRR-37435,Shampoo
65-670-3955, Student-Friendly E-Reader Tablet ,2738,30,48,17,21.52,TYI-59612,Tablet
16-212-9898, Futsal Indoor Soccer Ball ,2174,37,16,9,33.97,CAJ-39029,Soccer Ball
18-574-1721, Exfoliating Apricot Scrub Facial Cleanser ,4666,62,66,96,34.12,SIZ-83621,Cleanser
87-052-2194, Microwave Rice Steamer Cookware ,2279,76,22,89,29.41,VAI-89262,Rice Cooker
04-783-8390, Music Streaming Bluetooth Smartwatch ,114,65,81,35,34.53,POO-69001,Smartwatch
35-892-0243, Classic White 2-Slice Toaster ,2756,61,24,3,6.76,KXG-17023,Toaster
04-083-8996, Interactive Virtual Reality Exercise Bike ,1549,70,82,2,5.52,GDI-78573,Exercise Bike
77-741-3022, Canner Preserver Pressure Cooker Combo ,2413,32,47,37,39.07,KDN-23701,Pressure Cooker
20-310-3444, Commercial Grade Business Router ,4327,86,58,9,46.06,FCP-20383,Router
41-256-4497, Longline Oversized Boyfriend T-Shirt ,1340,30,78,46,18.73,MFR-45549,T-shirt
72-706-9892, Cropped V-Neck Angora Sweater ,3413,69,60,96,16.12,IAJ-50396,Sweater
89-431-6610, Bootcut Flap Pocket Embellished Jeans ,4896,100,74,34,14.25,QAL-05822,Jeans
72-995-2541, Faux Leather Moto Biker Jacket ,3198,22,48,41,33.50,RLS-38725,Coat
34-710-2112, Soft Grip Shock Absorber Tennis Racket ,2822,28,91,94,49.28,VSS-70604,Tennis Racket
60-729-6044, Untamed Spirit: A Biography ,433,97,76,5,3.66,MCI-83836,Biography
27-714-2722, Geography Explorers Globe ,828,26,81,75,49.76,FUA-34326,Educational Toys
04-458-7781, Field-Fresh Vegetable Medley ,2948,28,48,38,35.80,GWU-03415,Fresh Produce
43-989-0653, Footprints in Time: Historical Journeys ,3389,66,92,66,3.73,VFF-15288,History
99-653-8059, Obscure Whispers: Secrets Revealed ,4707,15,99,80,27.68,LDJ-39034,Mystery
39-161-4563, Campfire Cooking Set ,3449,29,76,41,26.67,KLL-24231,Outdoor Toys
26-509-7486, Casual Cool Denim Shorts ,464,44,29,6,31.62,VTV-17163,Shorts
82-290-0169, Flowy Boho Gypsy Skirt ,3326,32,33,44,49.06,LUO-97034,Skirt
42-416-6829, Railway Express Train Set ,1280,61,58,22,47.00,XBT-04439,Toy Vehicles
66-501-7200, Epic Journey Quest Board Game ,512,91,17,88,23.27,KDQ-94373,Board Games
05-478-5152, Coconut Bliss Breakfast Bites ,4007,95,96,93,23.79,UBO-20654,Cereal
84-431-7696, Gourmet Truffle Aioli ,3778,22,46,82,38.83,KES-54221,Condiments
20-624-4154, Induction-Ready Aluminum Cookware ,746,69,41,59,11.15,GDI-78573,Cookware Set
55-995-2675, Country Farm Girl Doll ,890,66,77,81,37.12,EGT-89080,Dolls
48-647-8229, Backyard Barbecue Grill Master Knife Set ,2557,35,27,2,39.82,CCQ-12811,Knife Set
94-049-5945, Hiking Adventure Convertible Pants ,4240,52,38,56,33.99,VFF-15288,Pants
20-590-6535, Self-Discovery Reflections Journal ,3900,39,79,16,8.44,MJI-67035,Self-Help
26-258-2041, Youth Swim Mask with UV Protection ,2787,93,92,61,30.59,WXB-36336,Swimming Goggles
72-814-2488, Robotic Revolution Futuristic Thriller ,4413,85,55,24,15.19,NWE-17825,Science Fiction
61-495-5000, Zombie Apocalypse Survival Team ,2092,40,45,63,32.66,TYH-25639,Action Figures
39-841-8334, Glowing LED Light-Up Basketball ,1531,27,44,39,24.86,XRO-70763,Basketball
81-358-4078, Farmhouse Rustic Dinner Set ,831,28,33,93,9.19,BSE-93480,Dining Set
08-115-3988, DJ Party Rockstar Headphones ,1614,32,77,75,10.53,XNF-33635,Headphones
99-205-8775, Powerful Workstation Laptop ,1861,28,62,88,40.85,UPV-55721,Laptop
32-079-3525, Asian-Inspired Ramen Noodle Kit ,1763,18,58,12,7.82,XVV-88342,Pasta
56-391-8989, Detoxifying Charcoal Cleansing Body Wash ,1603,81,33,94,28.48,WMD-41167,Body Wash
89-947-6127, Calming Rosewater Facial Sheet Mask ,896,96,81,85,14.85,ZFK-81849,Facial Mask
73-746-2303, Foam Mini Football for Indoor Play ,1226,21,30,40,1.98,THD-32896,Football
27-146-3605, Vintage Style RC Bi-Plane ,334,57,13,17,13.26,ZZO-10247,Remote Control Toys
76-582-3329, Fuzzy Elephant Stuffed Animal ,3037,20,68,15,29.82,ZMX-52523,Stuffed Animals
15-360-8711, Ultra-Lightweight Sunscreen Gel ,2232,85,98,43,3.25,CPY-08748,Sunscreen
46-850-5722, Holographic Projection TV ,4483,93,99,44,24.50,EHB-09497,TV
87-542-2374, Blender Food Processor Combo ,1611,38,24,29,37.34,HZT-89052,Blender
48-116-8137, Coconut Milk for Cooking ,3689,72,41,21,19.00,ZAO-16420,Canned Goods
96-608-9778, Soothing Aloe Vera Conditioner ,2056,99,46,23,15.01,PAX-60071,Conditioner
89-544-1101, Trendy Off-Shoulder Sundress ,2012,82,21,69,36.07,WYX-12960,Dress
24-198-8855, Charming Cozy Mystery ,725,93,42,42,45.13,IZD-61964,Fiction
01-918-3378, Foaming Gel Makeup Remover ,1162,15,77,18,6.16,KIP-28060,Makeup Remover
85-128-1876, Travel Memoirs Anthology ,3591,81,40,73,2.74,JPS-27395,Non-Fiction
61-548-5461, Rugged Waterproof Floating Speaker ,1835,82,24,76,15.04,JLA-94115,Speaker
99-926-9413, Alignment Marker Yoga Mat ,1810,70,33,77,24.35,IMI-60954,Yoga Mat
88-675-1509, Soft Grip Ergonomic Dumbbell Pair ,4984,96,39,24,25.68,CKD-87190,Dumbbells
44-012-6153, Legendary Swords and Sorcery Epic ,2198,47,86,99,22.05,RPJ-72584,Fantasy
43-786-6628, Warm Vanilla Bean Perfume Mist ,3903,97,98,12,5.99,WXL-09065,Perfume
53-442-9285, Large-Format Poster Printer ,3043,81,96,57,39.78,SGY-68695,Printer
14-407-7080, Protein-Packed Chickpea Crunch ,404,53,67,88,35.19,GFC-71614,Snacks
10-436-7964, Creamy Cashew Almond Milk ,4318,50,22,89,14.96,VYW-79641,Beverages
99-573-5355, Homestyle Beef Pot Pie ,305,81,10,60,10.58,POY-46334,Frozen Foods
81-749-0459, Chasing Dreams Together: Romantic Saga ,3581,44,59,30,10.65,XAI-43547,Romance
26-495-3229, Raw Cacao Nibs ,4196,45,23,12,6.38,MFD-62590,Baking Ingredients
01-051-7491, Modular Magnetic Castle Building Set ,3932,38,98,24,43.09,RZC-32612,Building Blocks
84-149-1094, Aerial Drone Camera with 4K Video ,4409,86,14,19,21.64,SUS-15181,Camera
02-640-5082, Senior Flex Golf Club Set ,950,12,93,56,5.97,ZRU-38957,Golf Clubs
03-417-9640, Youthful Renewal Retinol Face Cream ,3228,81,37,31,25.17,ZTV-04417,Moisturizer
76-357-2026, Plaid Flannel Lumberjack Shirt ,4078,39,64,9,21.95,PUR-31322,Shirt
10-921-8005, International Spy Thriller Series ,1493,22,46,47,17.39,UJG-78411,Thriller
46-086-5000, Steam Cooking Microwave with Healthy Options ,3148,55,55,13,46.61,UDE-99372,Microwave
07-996-3308, Challenging Cryptic Crossword Puzzle ,1062,19,93,45,14.43,MNZ-39775,Puzzles
02-624-9140, Red Cargo Rice from Thailand ,1026,12,18,16,36.14,QRN-60296,Rice
94-390-1947, Breathable Mesh Training Shoes ,4386,58,29,8,11.39,QQM-21559,Running Shoes
87-174-4194, Slim and Lightweight Compact Smartphone ,876,93,90,1,33.05,ZOO-36045,Smartphone
19-856-9562, Moka Pot Stovetop Espresso Maker ,129,39,61,50,38.07,ZMX-52523,Coffee Maker
10-721-2854, Large Capacity Industrial Food Processor ,2461,14,64,77,1.95,VWS-95049,Food Processor
99-936-3695, Shine-Enhancing Glossing Pomade ,1113,69,41,43,23.56,XMB-53386,Hair Styling Product
71-488-2101, Military Camouflage Field Jacket ,1598,21,22,20,34.44,QQC-50768,Jacket
95-454-1010, Gentle Hypoallergenic Baby Shampoo ,2217,96,47,93,22.85,ENQ-75772,Shampoo
50-833-3192, Portable Lightweight Travel Tablet ,1020,70,75,18,49.90,BZV-37538,Tablet
92-938-9533, Beach Soccer Ball with Neoprene Cover ,4616,15,62,87,31.77,TBT-10652,Soccer Ball
01-641-2902, Balancing Witch Hazel Toner Cleanser ,2856,33,65,93,14.53,JPM-28607,Cleanser
98-001-8083, Electric Pressure Cooker and Rice Cooker Combo ,1232,39,32,61,46.75,CCQ-12811,Rice Cooker
70-990-3946, Budget-Friendly Entry-Level Smartwatch ,4849,58,14,25,18.38,GFY-91689,Smartwatch
52-928-6422, Toast and Egg Breakfast Toaster ,2028,37,72,95,30.36,LLM-52307,Toaster
54-888-5102, Heavy-Duty Commercial Grade Spinning Bike ,4269,34,33,50,33.30,YKT-75912,Exercise Bike
22-361-7394, Pressure Cooker with Sous Vide Function ,1899,21,22,53,9.07,BSE-93480,Pressure Cooker
52-743-0485, VPN Secure Internet Privacy Router ,3972,24,26,33,9.43,AGX-50399,Router
71-037-7529, Slogan Printed Statement T-Shirt ,3113,100,30,24,29.30,WKW-29718,T-shirt
37-925-0637, Color Block Wool Blend Sweater ,4690,45,96,10,1.36,DFZ-20419,Sweater
73-394-8330, Cargo Style Utility Jeans ,4647,36,60,46,39.18,TWR-27033,Jeans
01-566-5209, Packable Lightweight Travel Rain Coat ,1791,59,41,1,39.72,MCW-68710,Coat
57-950-1710, Custom String Tension Tennis Racket ,4024,100,38,61,12.96,NER-25960,Tennis Racket
50-176-4803, Silent Witness: True Story ,1742,43,33,47,33.08,BEY-02530,Biography
47-937-5077, Creative Kids Craft Kit ,527,54,66,97,6.81,XMB-88350,Educational Toys
72-961-8203, Organic Farm Favorites Box ,3724,89,34,26,31.37,TRH-49595,Fresh Produce
04-248-0171, Chronicles of Forgotten Kingdoms ,2804,89,100,18,2.95,DEU-05643,History
71-771-9823, Hidden Truths: Suspenseful Tales ,1141,19,84,44,4.83,RZZ-36734,Mystery
70-405-0549, Trailblazer's Hiking Backpack ,813,96,98,57,21.62,YBJ-99927,Outdoor Toys
72-174-0997, Relaxed Fit Linen Shorts ,3301,93,10,47,8.64,JKY-25046,Shorts
77-439-2843, Casual Denim Button-Up Skirt ,497,20,41,20,1.26,CYH-08578,Skirt
20-113-6777, Sea Explorer Submarine ,1973,82,12,54,35.91,TMN-30204,Toy Vehicles
44-730-4998, Survival of the Fittest Challenge ,4325,70,71,49,29.24,BPF-33126,Board Games
06-218-6572, Peanut Butter Power Puffs ,1220,70,72,35,37.07,DPQ-01696,Cereal
39-315-0386, Sweet and Spicy Jalapeno Jam ,3635,19,34,27,39.09,WZC-49968,Condiments
11-557-8244, Modular Stackable Cookware System ,787,37,80,3,27.21,NIZ-53966,Cookware Set
59-463-6330, Historical Victorian Doll Collection ,1045,29,57,77,33.10,XWY-60175,Dolls
34-519-1278, Baker's Delight Pastry Knife Set ,2256,67,90,87,29.36,MIJ-05681,Knife Set
24-450-4465, Business Casual Khaki Chinos ,2996,75,86,55,45.29,ONB-54454,Pants
04-206-5642, Wellness and Resilience Guide ,3322,17,75,50,31.22,NJB-23499,Self-Help
21-191-4304, Hydrodynamic Competition Swim Goggles ,1447,67,22,32,29.97,OHW-50431,Swimming Goggles
24-858-2729, Genetic Engineering Sci-Fi Saga ,992,13,38,4,28.05,XWY-60175,Science Fiction
57-316-6799, Martial Arts Masters Action Figure Set ,1832,62,87,35,46.97,VLR-58576,Action Figures
67-795-5740, Streetball Freestyle Basketball ,470,20,70,4,45.00,ILQ-93007,Basketball
40-989-6244, Asian-Inspired Fusion Dining Set ,1998,20,10,2,41.10,ZEK-48134,Dining Set
77-608-6808, Running and Workout Sweatproof Earphones ,1788,34,36,64,43.47,JBS-72232,Headphones
47-505-2493, Media Streaming Entertainment Laptop ,4500,46,62,43,37.24,AWF-14526,Laptop
57-998-1417, Mediterranean Olive Oil Pasta ,2038,19,34,27,35.16,IMF-08300,Pasta
92-667-1947, Luxurious Rose Petal Shower Gel ,1672,48,76,15,46.20,QJE-90381,Body Wash
73-476-5093, Energizing Matcha Green Tea Mask ,3610,98,55,12,44.31,UCX-92412,Facial Mask
93-958-3604, NFL Team Branded Football ,2363,62,72,57,49.20,EWW-70463,Football
57-065-3565, Sleek RC Sports Car ,3943,59,70,61,24.24,NSZ-32695,Remote Control Toys
29-069-4548, Huggable Giraffe Plush Toy ,2758,48,67,11,11.81,QUU-47735,Stuffed Animals
97-356-0921, Broad Spectrum SPF 30 Sunscreen ,781,59,49,62,19.03,CGC-35799,Sunscreen
39-354-0460, Retro CRT Television Set ,4657,42,84,41,42.58,YSL-23521,TV
66-029-0862, Commercial Heavy-Duty Blender ,1574,20,33,27,21.71,IXF-97753,Blender
57-252-0283, Diced Tomatoes with Basil ,1235,87,96,70,49.77,IPH-80052,Canned Goods
26-405-1029, Tea Tree Oil Clarifying Conditioner ,3489,98,92,93,38.44,DXQ-66150,Conditioner
35-364-7373, Casual T-Shirt Dress ,1698,41,16,39,15.42,XUE-60028,Dress
08-506-1264, Dystopian Sci-Fi Saga ,2923,20,47,70,32.51,VJC-96478,Fiction
35-974-5524, Alcohol-Free Makeup Remover Toner ,2832,31,27,89,28.90,YQS-02604,Makeup Remover
73-629-6365, Political Commentary Analysis ,2988,78,39,71,32.88,GCP-75861,Non-Fiction
29-611-2600, Home Theater Soundbar System ,3795,54,76,55,10.49,JSW-42928,Speaker
62-880-5515, PVC-Free Recycled Rubber Yoga Mat ,2061,46,18,46,6.86,IMF-08300,Yoga Mat
77-366-9333, Compact Travel Dumbbell Set ,318,47,88,3,17.73,OHW-50431,Dumbbells
39-944-4438, Timeless Fantasy Classics Anthology ,3982,83,76,95,33.00,DJC-12313,Fantasy
10-109-8524, Seductive Amber Musk Perfume Spray ,1841,14,61,45,13.40,OXF-84138,Perfume
50-920-4517, Compact Desktop All-In-One Printer ,357,68,95,59,32.59,KUE-54367,Printer
89-930-5535, Cheesy Garlic Parmesan Chips ,923,96,79,82,28.83,GBH-62143,Snacks
90-806-5529, Craft Brewed Kombucha Sampler ,1563,13,10,53,46.47,SRR-37435,Beverages
03-319-7590, Sweet Potato and Black Bean Enchiladas ,851,53,57,27,16.17,HOP-94983,Frozen Foods
32-729-7726, Enchanted Garden: Fairytale Romance ,3980,51,82,53,39.59,IMF-96744,Romance
00-285-2921, Organic Coconut Sugar ,2253,51,37,70,21.58,SSU-51847,Baking Ingredients
16-039-3616, Interlocking Gear Construction Set ,2514,80,57,100,20.18,VPX-32075,Building Blocks
45-450-4081, Night Vision Wildlife Trail Camera ,1646,93,70,49,45.21,WXL-09065,Camera
10-001-4855, Junior Golfer's Starter Golf Club Set ,3975,73,96,30,29.39,VEB-99524,Golf Clubs
61-517-4016, Rejuvenating Collagen Moisturizer ,1905,94,72,82,21.59,DSN-76658,Moisturizer
69-269-0501, Tropical Print Resort Shirt ,2945,85,83,50,32.99,ECE-17389,Shirt
40-940-0123, Crime Scene Investigation Thriller ,285,61,35,36,24.68,RQL-70982,Thriller
96-846-3598, Microwave Oven with Grill Function ,1021,54,68,13,14.64,HQH-43629,Microwave
84-206-1187, Whimsical Fairytale Story Puzzle ,1445,35,98,21,34.20,VAI-89262,Puzzles
51-880-1462, Sticky Sweet Glutinous Rice ,3436,48,49,69,6.00,LXJ-47748,Rice
40-901-4579, Sprinters' Spikes Track Shoes ,809,23,16,71,30.20,YSL-23521,Running Shoes
28-886-7662, Dual SIM Global Unlocked Smartphone ,3353,10,83,39,4.93,TLN-02191,Smartphone
85-171-0561, Electric Turkish Coffee Pot ,578,71,41,38,49.18,UHT-19837,Coffee Maker
29-079-4531, Attachments for Kneading Dough and Making Pasta ,3341,94,99,47,38.28,XRO-70763,Food Processor
68-339-7875, Hair Thickening Fibers for Bald Spots ,1940,74,96,93,45.32,KOD-09746,Hair Styling Product
45-984-6330, Ski and Snowboard Mountain Jacket ,3170,33,84,78,8.09,RNQ-07469,Jacket
90-078-6038, Anti-Dandruff Scalp Relief Shampoo ,246,77,10,14,10.12,LHV-89472,Shampoo
84-196-0823, Professional Artist Graphic Tablet ,2578,60,87,50,4.06,YZB-31297,Tablet
10-382-0091, Street Soccer Ball for Asphalt Play ,1594,98,44,4,22.13,OCW-14845,Soccer Ball
30-614-1428, Brightening Vitamin C Face Wash ,4123,100,20,78,38.34,ERJ-38898,Cleanser
96-521-3410, Stainless Steel Inner Pot Rice Cooker ,157,29,22,30,21.26,ILQ-93007,Rice Cooker
94-454-3723, Luxury Designer Sapphire Crystal Smartwatch ,4082,28,12,24,20.91,IPW-27433,Smartwatch
14-743-3005, Smart WiFi-Enabled Toaster with Smartphone App ,473,75,90,94,35.50,HIT-38786,Toaster
65-179-4512, Dual-Action Cross Trainer Exercise Bike ,2868,23,81,10,13.97,MAH-74237,Exercise Bike
26-064-2582, Budget-Friendly Aluminum Pressure Cooker ,2409,92,40,93,4.81,WNE-81866,Pressure Cooker
94-772-7241, Budget-Friendly Entry-Level Router ,287,16,34,21,23.01,SIK-35958,Router
98-365-0401, Music Band Concert Tour T-Shirt ,3583,55,44,92,22.17,ZFK-81849,T-shirt
82-228-4968, Open Front Drape Cardigan Sweater ,1639,22,70,3,43.71,XAG-88430,Sweater
58-218-5580, Ankle Length Frayed Hem Jeans ,341,15,30,36,31.22,LAG-69856,Jeans
92-705-9273, Classic Plaid Wool Overcoat ,2849,51,87,81,6.44,IWU-87201,Coat
30-615-2224, Clay Court All-Court Tennis Racket ,4092,90,92,8,21.59,CHV-11853,Tennis Racket
44-288-1786, Infinite Journey: A Life Retrospect ,1153,22,66,69,6.11,AXG-41136,Biography
20-623-1539, Dinosaur Discovery Playset ,3581,13,42,17,4.36,HJF-92444,Educational Toys
25-630-4737, Garden Goodness Produce Pack ,1992,60,25,54,41.33,TGN-69648,Fresh Produce
82-147-9350, Wisdom from the Ages: History Unveiled ,3364,35,46,88,48.27,QVD-39871,History
52-416-2642, Veiled Secrets: Cryptic Chronicles ,1367,85,29,37,14.56,IMZ-14384,Mystery
48-545-4893, Backyard Ninja Warrior Course ,3073,23,89,65,3.58,SOW-35741,Outdoor Toys
31-579-0755, Athletic Performance Running Shorts ,1721,38,45,70,39.46,DLN-84992,Shorts
66-067-1770, Professional Pleated Midi Skirt ,4634,31,32,72,17.25,GDI-78573,Skirt
81-159-5022, Remote-Controlled ATV ,1948,49,85,44,26.50,RTQ-24471,Toy Vehicles
27-027-1722, Space Odyssey Adventure Game ,3656,17,42,76,16.64,DZB-81138,Board Games
57-319-8186, Multi-Grain Morning Munch ,4017,60,30,12,21.44,ULP-63119,Cereal
20-577-6526, Classic Herb Infused Vinegar ,3485,13,17,48,47.84,ILN-97724,Condiments
13-828-2431, Gourmet Marble Finish Cookware Set ,2198,24,12,7,14.27,XCD-76790,Cookware Set
06-576-2456, Animal Lover's Pet Doll Collection ,1922,100,67,7,21.36,JKY-25046,Dolls
76-368-5961, Professional Chef's Culinary Knife Collection ,3120,49,68,6,27.39,WLF-60187,Knife Set
21-287-3605, Skater Style Baggy Jeans ,3438,25,40,89,44.38,HMG-60121,Pants
43-738-2296, Happiness Blueprint Workbook ,4725,60,44,15,30.37,NPA-57296,Self-Help
77-616-0175, Aquatic Explorer Dive Mask and Snorkel Set ,2515,17,22,7,9.32,NEY-50005,Swimming Goggles
47-661-9723, Virtual Reality Adventures Collection ,4033,46,24,56,46.45,ZPD-11651,Science Fiction
77-132-0165, Future Warfare Cyber Soldiers Action Figures ,1559,27,64,16,7.43,AIG-15580,Action Figures
53-004-7744, Basketball Training Dribble Gloves ,1266,21,51,22,20.80,ZBX-10267,Basketball
56-326-8246, Traditional Thanksgiving Dinnerware Collection ,4917,18,71,29,30.82,VSS-70604,Dining Set
01-738-9237, Traveler's Noise Isolating In-Ear Headphones ,2360,84,99,79,10.82,CVH-11657,Headphones
88-020-4165, Portable Traveler's Laptop ,3073,68,71,48,29.11,AZR-47455,Laptop
84-298-4289, Pesto Basil Pasta Sauce Mix ,4133,94,86,43,4.00,TUS-39235,Pasta
13-528-8160, Gentle Oatmeal and Honey Body Wash ,541,27,95,45,33.74,BRG-78452,Body Wash
47-522-3069, Deep Cleansing Mud Mask with Dead Sea Minerals ,4669,31,75,36,19.63,AIZ-59830,Facial Mask
77-690-2258, High-Quality Rubber Playground Football ,3129,97,20,30,49.81,SUS-15181,Football
65-814-7428, RC Helicopter with Gyro Stabilization ,3908,43,45,6,37.52,PLB-87200,Remote Control Toys
83-659-7003, Playful Monkey Plush Doll ,2884,81,43,19,39.66,TUF-56201,Stuffed Animals
90-593-0896, Reef-Safe Biodegradable Sunscreen ,347,53,42,32,31.74,PLB-81441,Sunscreen
89-122-4460, Motorized Drop-Down TV Lift Cabinet ,2943,63,26,30,18.20,INQ-25059,TV
28-913-3139, Stainless Steel Hand Blender Set ,4580,45,23,32,22.80,CBB-40768,Blender
08-415-0390, Creamy Mushroom Soup in a Can ,2975,39,23,14,8.45,OKU-24323,Canned Goods
58-873-8980, Deep Hydration Avocado Conditioner ,3584,26,52,96,41.46,EFD-03738,Conditioner
87-458-1913, Professional Pencil Dress ,3871,78,39,14,6.81,IPT-69493,Dress
86-985-8205, Witty and Sarcastic Chick-Lit ,2780,70,82,79,40.32,YWU-12014,Fiction
97-035-3322, Natural Oil Cleansing Makeup Remover ,2313,13,33,10,13.53,WLS-09227,Makeup Remover
60-939-3181, Self-Help Improvement Guide ,3060,77,84,90,37.05,IFJ-15571,Non-Fiction
63-260-2207, Desktop Computer USB Speaker Set ,4595,20,67,77,19.41,RXJ-90778,Speaker